id,name,date,price
BTC,Bitcoin,2017-08-10T00:00:00.000Z,2916.3
BTC,Bitcoin,2017-08-11T00:00:00.000Z,3110.91
BTC,Bitcoin,2017-08-12T00:00:00.000Z,3289.21
BTC,Bitcoin,2017-08-13T00:00:00.000Z,3458.17
BTC,Bitcoin,2017-08-14T00:00:00.000Z,3681.48
BTC,Bitcoin,2017-08-15T00:00:00.000Z,3546.95
BTC,Bitcoin,2017-08-16T00:00:00.000Z,3733.59
BTC,Bitcoin,2017-08-17T00:00:00.000Z,3646.62
BTC,Bitcoin,2017-08-18T00:00:00.000Z,3530.94
BTC,Bitcoin,2017-08-19T00:00:00.000Z,3555.68
BTC,Bitcoin,2017-08-20T00:00:00.000Z,3485.58
BTC,Bitcoin,2017-08-21T00:00:00.000Z,3406.71
BTC,Bitcoin,2017-08-22T00:00:00.000Z,3500.83
BTC,Bitcoin,2017-08-23T00:00:00.000Z,3541.95
BTC,Bitcoin,2017-08-24T00:00:00.000Z,3686.73
BTC,Bitcoin,2017-08-25T00:00:00.000Z,3681.86
BTC,Bitcoin,2017-08-26T00:00:00.000Z,3663.49
BTC,Bitcoin,2017-08-27T00:00:00.000Z,3644.45
BTC,Bitcoin,2017-08-28T00:00:00.000Z,3671.02
BTC,Bitcoin,2017-08-29T00:00:00.000Z,3820.26
BTC,Bitcoin,2017-08-30T00:00:00.000Z,3839.76
BTC,Bitcoin,2017-08-31T00:00:00.000Z,3983.95
BTC,Bitcoin,2017-09-01T00:00:00.000Z,4145.42
BTC,Bitcoin,2017-09-02T00:00:00.000Z,3893.78
BTC,Bitcoin,2017-09-03T00:00:00.000Z,3924.31
BTC,Bitcoin,2017-09-04T00:00:00.000Z,3672.46
BTC,Bitcoin,2017-09-05T00:00:00.000Z,3780.82
BTC,Bitcoin,2017-09-06T00:00:00.000Z,3912.34
BTC,Bitcoin,2017-09-07T00:00:00.000Z,3883.01
BTC,Bitcoin,2017-09-08T00:00:00.000Z,3662.21
BTC,Bitcoin,2017-09-09T00:00:00.000Z,3635.77
BTC,Bitcoin,2017-09-10T00:00:00.000Z,3578.29
BTC,Bitcoin,2017-09-11T00:00:00.000Z,3544.73
BTC,Bitcoin,2017-09-12T00:00:00.000Z,3492.99
BTC,Bitcoin,2017-09-13T00:00:00.000Z,3250.09
BTC,Bitcoin,2017-09-14T00:00:00.000Z,2735.87
BTC,Bitcoin,2017-09-15T00:00:00.000Z,3157.37
BTC,Bitcoin,2017-09-16T00:00:00.000Z,3125.83
BTC,Bitcoin,2017-09-17T00:00:00.000Z,3112.56
BTC,Bitcoin,2017-09-18T00:00:00.000Z,3454.42
BTC,Bitcoin,2017-09-19T00:00:00.000Z,3274.26
BTC,Bitcoin,2017-09-20T00:00:00.000Z,3264.22
BTC,Bitcoin,2017-09-21T00:00:00.000Z,3045.85
BTC,Bitcoin,2017-09-22T00:00:00.000Z,3055.18
BTC,Bitcoin,2017-09-23T00:00:00.000Z,3182.26
BTC,Bitcoin,2017-09-24T00:00:00.000Z,3093.01
BTC,Bitcoin,2017-09-25T00:00:00.000Z,3316.26
BTC,Bitcoin,2017-09-26T00:00:00.000Z,3284.23
BTC,Bitcoin,2017-09-27T00:00:00.000Z,3570.58
BTC,Bitcoin,2017-09-28T00:00:00.000Z,3547.04
BTC,Bitcoin,2017-09-29T00:00:00.000Z,3517.27
BTC,Bitcoin,2017-09-30T00:00:00.000Z,3666.89
BTC,Bitcoin,2017-10-01T00:00:00.000Z,3697.62
BTC,Bitcoin,2017-10-02T00:00:00.000Z,3743.93
BTC,Bitcoin,2017-10-03T00:00:00.000Z,3678.23
BTC,Bitcoin,2017-10-04T00:00:00.000Z,3600.86
BTC,Bitcoin,2017-10-05T00:00:00.000Z,3682.08
BTC,Bitcoin,2017-10-06T00:00:00.000Z,3707.64
BTC,Bitcoin,2017-10-07T00:00:00.000Z,3767.68
BTC,Bitcoin,2017-10-08T00:00:00.000Z,3883.93
BTC,Bitcoin,2017-10-09T00:00:00.000Z,4046.34
BTC,Bitcoin,2017-10-10T00:00:00.000Z,4022.61
BTC,Bitcoin,2017-10-11T00:00:00.000Z,4061.99
BTC,Bitcoin,2017-10-12T00:00:00.000Z,4546.49
BTC,Bitcoin,2017-10-13T00:00:00.000Z,4746.28
BTC,Bitcoin,2017-10-14T00:00:00.000Z,4884.29
BTC,Bitcoin,2017-10-15T00:00:00.000Z,4780.31
BTC,Bitcoin,2017-10-16T00:00:00.000Z,4858.88
BTC,Bitcoin,2017-10-17T00:00:00.000Z,4758.56
BTC,Bitcoin,2017-10-18T00:00:00.000Z,4754.53
BTC,Bitcoin,2017-10-19T00:00:00.000Z,4808.71
BTC,Bitcoin,2017-10-20T00:00:00.000Z,5065.72
BTC,Bitcoin,2017-10-21T00:00:00.000Z,5127.37
BTC,Bitcoin,2017-10-22T00:00:00.000Z,5100.86
BTC,Bitcoin,2017-10-23T00:00:00.000Z,5006.49
BTC,Bitcoin,2017-10-24T00:00:00.000Z,4754.15
BTC,Bitcoin,2017-10-25T00:00:00.000Z,4895.13
BTC,Bitcoin,2017-10-26T00:00:00.000Z,5071.09
BTC,Bitcoin,2017-10-27T00:00:00.000Z,5004.47
BTC,Bitcoin,2017-10-28T00:00:00.000Z,4975.19
BTC,Bitcoin,2017-10-29T00:00:00.000Z,5275.75
BTC,Bitcoin,2017-10-30T00:00:00.000Z,5288.64
BTC,Bitcoin,2017-10-31T00:00:00.000Z,5540.38
BTC,Bitcoin,2017-11-01T00:00:00.000Z,5870.89
BTC,Bitcoin,2017-11-02T00:00:00.000Z,6077.35
BTC,Bitcoin,2017-11-03T00:00:00.000Z,6248.98
BTC,Bitcoin,2017-11-04T00:00:00.000Z,6384.05
BTC,Bitcoin,2017-11-05T00:00:00.000Z,6415.64
BTC,Bitcoin,2017-11-06T00:00:00.000Z,6048.21
BTC,Bitcoin,2017-11-07T00:00:00.000Z,6178.49
BTC,Bitcoin,2017-11-08T00:00:00.000Z,6479.81
BTC,Bitcoin,2017-11-09T00:00:00.000Z,6191.79
BTC,Bitcoin,2017-11-10T00:00:00.000Z,5710.94
BTC,Bitcoin,2017-11-11T00:00:00.000Z,5487.15
BTC,Bitcoin,2017-11-12T00:00:00.000Z,5079.19
BTC,Bitcoin,2017-11-13T00:00:00.000Z,5662.26
BTC,Bitcoin,2017-11-14T00:00:00.000Z,5680.15
BTC,Bitcoin,2017-11-15T00:00:00.000Z,6253.78
BTC,Bitcoin,2017-11-16T00:00:00.000Z,6645.07
BTC,Bitcoin,2017-11-17T00:00:00.000Z,6560.64
BTC,Bitcoin,2017-11-18T00:00:00.000Z,6602.55
BTC,Bitcoin,2017-11-19T00:00:00.000Z,6793.29
BTC,Bitcoin,2017-11-20T00:00:00.000Z,7001.29
BTC,Bitcoin,2017-11-21T00:00:00.000Z,6930.79
BTC,Bitcoin,2017-11-22T00:00:00.000Z,7010.18
BTC,Bitcoin,2017-11-23T00:00:00.000Z,6811.82
BTC,Bitcoin,2017-11-24T00:00:00.000Z,6909.83
BTC,Bitcoin,2017-11-25T00:00:00.000Z,7273.52
BTC,Bitcoin,2017-11-26T00:00:00.000Z,7699.62
BTC,Bitcoin,2017-11-27T00:00:00.000Z,8107.03
BTC,Bitcoin,2017-11-28T00:00:00.000Z,8311.49
BTC,Bitcoin,2017-11-29T00:00:00.000Z,8438.79
BTC,Bitcoin,2017-11-30T00:00:00.000Z,8564.24
BTC,Bitcoin,2017-12-01T00:00:00.000Z,9176.17
BTC,Bitcoin,2017-12-02T00:00:00.000Z,9250.96
BTC,Bitcoin,2017-12-03T00:00:00.000Z,9513.85
BTC,Bitcoin,2017-12-04T00:00:00.000Z,9755.3
BTC,Bitcoin,2017-12-05T00:00:00.000Z,9942.29
BTC,Bitcoin,2017-12-06T00:00:00.000Z,11795.53
BTC,Bitcoin,2017-12-07T00:00:00.000Z,15046.27
BTC,Bitcoin,2017-12-08T00:00:00.000Z,13503.35
BTC,Bitcoin,2017-12-09T00:00:00.000Z,12697.71
BTC,Bitcoin,2017-12-10T00:00:00.000Z,12669.29
BTC,Bitcoin,2017-12-11T00:00:00.000Z,13863.96
BTC,Bitcoin,2017-12-12T00:00:00.000Z,14196.48
BTC,Bitcoin,2017-12-13T00:00:00.000Z,13651.18
BTC,Bitcoin,2017-12-14T00:00:00.000Z,13832.48
BTC,Bitcoin,2017-12-15T00:00:00.000Z,14879.76
BTC,Bitcoin,2017-12-16T00:00:00.000Z,16376.3
BTC,Bitcoin,2017-12-17T00:00:00.000Z,15992.81
BTC,Bitcoin,2017-12-18T00:00:00.000Z,15992.44
BTC,Bitcoin,2017-12-19T00:00:00.000Z,14992.29
BTC,Bitcoin,2017-12-20T00:00:00.000Z,13961.36
BTC,Bitcoin,2017-12-21T00:00:00.000Z,13009.24
BTC,Bitcoin,2017-12-22T00:00:00.000Z,11867.06
BTC,Bitcoin,2017-12-23T00:00:00.000Z,12503.76
BTC,Bitcoin,2017-12-24T00:00:00.000Z,11887.31
BTC,Bitcoin,2017-12-25T00:00:00.000Z,11733.82
BTC,Bitcoin,2017-12-26T00:00:00.000Z,13259.28
BTC,Bitcoin,2017-12-27T00:00:00.000Z,13087.45
BTC,Bitcoin,2017-12-28T00:00:00.000Z,12264.02
BTC,Bitcoin,2017-12-29T00:00:00.000Z,12247.68
BTC,Bitcoin,2017-12-30T00:00:00.000Z,10654.4
BTC,Bitcoin,2017-12-31T00:00:00.000Z,11850.31
BTC,Bitcoin,2018-01-01T00:00:00.000Z,11391.39
BTC,Bitcoin,2018-01-02T00:00:00.000Z,12319.79
BTC,Bitcoin,2018-01-03T00:00:00.000Z,12786.04
BTC,Bitcoin,2018-01-04T00:00:00.000Z,12725.41
BTC,Bitcoin,2018-01-05T00:00:00.000Z,14183.3
BTC,Bitcoin,2018-01-06T00:00:00.000Z,14338.58
BTC,Bitcoin,2018-01-07T00:00:00.000Z,13490.26
BTC,Bitcoin,2018-01-08T00:00:00.000Z,12618.13
BTC,Bitcoin,2018-01-09T00:00:00.000Z,12125.31
BTC,Bitcoin,2018-01-10T00:00:00.000Z,12427.96
BTC,Bitcoin,2018-01-11T00:00:00.000Z,11144.19
BTC,Bitcoin,2018-01-12T00:00:00.000Z,11497.98
BTC,Bitcoin,2018-01-13T00:00:00.000Z,11797.41
BTC,Bitcoin,2018-01-14T00:00:00.000Z,11300.22
BTC,Bitcoin,2018-01-15T00:00:00.000Z,11192.51
BTC,Bitcoin,2018-01-16T00:00:00.000Z,9306.21
BTC,Bitcoin,2018-01-17T00:00:00.000Z,9206.16
BTC,Bitcoin,2018-01-18T00:00:00.000Z,9325.4
BTC,Bitcoin,2018-01-19T00:00:00.000Z,9555.89
BTC,Bitcoin,2018-01-20T00:00:00.000Z,10538.09
BTC,Bitcoin,2018-01-21T00:00:00.000Z,9522.45
BTC,Bitcoin,2018-01-22T00:00:00.000Z,8869.76
BTC,Bitcoin,2018-01-23T00:00:00.000Z,8838.04
BTC,Bitcoin,2018-01-24T00:00:00.000Z,9231.54
BTC,Bitcoin,2018-01-25T00:00:00.000Z,9011.81
BTC,Bitcoin,2018-01-26T00:00:00.000Z,8976.46
BTC,Bitcoin,2018-01-27T00:00:00.000Z,9190.63
BTC,Bitcoin,2018-01-28T00:00:00.000Z,9401.97
BTC,Bitcoin,2018-01-29T00:00:00.000Z,9030.15
BTC,Bitcoin,2018-01-30T00:00:00.000Z,8097.68
BTC,Bitcoin,2018-01-31T00:00:00.000Z,8153.29
BTC,Bitcoin,2018-02-01T00:00:00.000Z,7179.62
BTC,Bitcoin,2018-02-02T00:00:00.000Z,7097.12
BTC,Bitcoin,2018-02-03T00:00:00.000Z,7424.29
BTC,Bitcoin,2018-02-04T00:00:00.000Z,6544.21
BTC,Bitcoin,2018-02-05T00:00:00.000Z,5480.88
BTC,Bitcoin,2018-02-06T00:00:00.000Z,6207.05
BTC,Bitcoin,2018-02-07T00:00:00.000Z,6177.36
BTC,Bitcoin,2018-02-08T00:00:00.000Z,6755.16
BTC,Bitcoin,2018-02-09T00:00:00.000Z,7085.01
BTC,Bitcoin,2018-02-10T00:00:00.000Z,7004.35
BTC,Bitcoin,2018-02-11T00:00:00.000Z,6606.51
BTC,Bitcoin,2018-02-12T00:00:00.000Z,7132.65
LTC,Litecoin,2017-08-10T00:00:00.000Z,40.34
LTC,Litecoin,2017-08-11T00:00:00.000Z,40.28
LTC,Litecoin,2017-08-12T00:00:00.000Z,39.29
LTC,Litecoin,2017-08-13T00:00:00.000Z,38.36
LTC,Litecoin,2017-08-14T00:00:00.000Z,38.71
LTC,Litecoin,2017-08-15T00:00:00.000Z,36.58
LTC,Litecoin,2017-08-16T00:00:00.000Z,37.49
LTC,Litecoin,2017-08-17T00:00:00.000Z,37.51
LTC,Litecoin,2017-08-18T00:00:00.000Z,39.78
LTC,Litecoin,2017-08-19T00:00:00.000Z,38.66
LTC,Litecoin,2017-08-20T00:00:00.000Z,39.4
LTC,Litecoin,2017-08-21T00:00:00.000Z,41.12
LTC,Litecoin,2017-08-22T00:00:00.000Z,39.51
LTC,Litecoin,2017-08-23T00:00:00.000Z,45.81
LTC,Litecoin,2017-08-24T00:00:00.000Z,43.25
LTC,Litecoin,2017-08-25T00:00:00.000Z,43.23
LTC,Litecoin,2017-08-26T00:00:00.000Z,43.42
LTC,Litecoin,2017-08-27T00:00:00.000Z,50.83
LTC,Litecoin,2017-08-28T00:00:00.000Z,52.05
LTC,Litecoin,2017-08-29T00:00:00.000Z,52.84
LTC,Litecoin,2017-08-30T00:00:00.000Z,55.12
LTC,Litecoin,2017-08-31T00:00:00.000Z,61.42
LTC,Litecoin,2017-09-01T00:00:00.000Z,73.94
LTC,Litecoin,2017-09-02T00:00:00.000Z,67.19
LTC,Litecoin,2017-09-03T00:00:00.000Z,67.48
LTC,Litecoin,2017-09-04T00:00:00.000Z,59.11
LTC,Litecoin,2017-09-05T00:00:00.000Z,63.37
LTC,Litecoin,2017-09-06T00:00:00.000Z,69.15
LTC,Litecoin,2017-09-07T00:00:00.000Z,67.43
LTC,Litecoin,2017-09-08T00:00:00.000Z,61.98
LTC,Litecoin,2017-09-09T00:00:00.000Z,60.0
LTC,Litecoin,2017-09-10T00:00:00.000Z,56.58
LTC,Litecoin,2017-09-11T00:00:00.000Z,57.32
LTC,Litecoin,2017-09-12T00:00:00.000Z,55.35
LTC,Litecoin,2017-09-13T00:00:00.000Z,51.95
LTC,Litecoin,2017-09-14T00:00:00.000Z,38.35
LTC,Litecoin,2017-09-15T00:00:00.000Z,43.99
LTC,Litecoin,2017-09-16T00:00:00.000Z,43.93
LTC,Litecoin,2017-09-17T00:00:00.000Z,42.95
LTC,Litecoin,2017-09-18T00:00:00.000Z,47.62
LTC,Litecoin,2017-09-19T00:00:00.000Z,44.25
LTC,Litecoin,2017-09-20T00:00:00.000Z,43.41
LTC,Litecoin,2017-09-21T00:00:00.000Z,39.11
LTC,Litecoin,2017-09-22T00:00:00.000Z,40.68
LTC,Litecoin,2017-09-23T00:00:00.000Z,41.33
LTC,Litecoin,2017-09-24T00:00:00.000Z,40.17
LTC,Litecoin,2017-09-25T00:00:00.000Z,44.13
LTC,Litecoin,2017-09-26T00:00:00.000Z,44.1
LTC,Litecoin,2017-09-27T00:00:00.000Z,48.07
LTC,Litecoin,2017-09-28T00:00:00.000Z,46.47
LTC,Litecoin,2017-09-29T00:00:00.000Z,44.62
LTC,Litecoin,2017-09-30T00:00:00.000Z,46.79
LTC,Litecoin,2017-10-01T00:00:00.000Z,45.79
LTC,Litecoin,2017-10-02T00:00:00.000Z,45.24
LTC,Litecoin,2017-10-03T00:00:00.000Z,44.44
LTC,Litecoin,2017-10-04T00:00:00.000Z,43.83
LTC,Litecoin,2017-10-05T00:00:00.000Z,44.09
LTC,Litecoin,2017-10-06T00:00:00.000Z,44.05
LTC,Litecoin,2017-10-07T00:00:00.000Z,44.58
LTC,Litecoin,2017-10-08T00:00:00.000Z,44.91
LTC,Litecoin,2017-10-09T00:00:00.000Z,42.26
LTC,Litecoin,2017-10-10T00:00:00.000Z,42.61
LTC,Litecoin,2017-10-11T00:00:00.000Z,42.66
LTC,Litecoin,2017-10-12T00:00:00.000Z,49.65
LTC,Litecoin,2017-10-13T00:00:00.000Z,49.49
LTC,Litecoin,2017-10-14T00:00:00.000Z,53.38
LTC,Litecoin,2017-10-15T00:00:00.000Z,54.74
LTC,Litecoin,2017-10-16T00:00:00.000Z,54.7
LTC,Litecoin,2017-10-17T00:00:00.000Z,50.36
LTC,Litecoin,2017-10-18T00:00:00.000Z,51.67
LTC,Litecoin,2017-10-19T00:00:00.000Z,50.3
LTC,Litecoin,2017-10-20T00:00:00.000Z,50.81
LTC,Litecoin,2017-10-21T00:00:00.000Z,49.56
LTC,Litecoin,2017-10-22T00:00:00.000Z,47.94
LTC,Litecoin,2017-10-23T00:00:00.000Z,46.49
LTC,Litecoin,2017-10-24T00:00:00.000Z,47.96
LTC,Litecoin,2017-10-25T00:00:00.000Z,48.11
LTC,Litecoin,2017-10-26T00:00:00.000Z,47.85
LTC,Litecoin,2017-10-27T00:00:00.000Z,48.94
LTC,Litecoin,2017-10-28T00:00:00.000Z,46.94
LTC,Litecoin,2017-10-29T00:00:00.000Z,48.62
LTC,Litecoin,2017-10-30T00:00:00.000Z,48.57
LTC,Litecoin,2017-10-31T00:00:00.000Z,47.59
LTC,Litecoin,2017-11-01T00:00:00.000Z,45.81
LTC,Litecoin,2017-11-02T00:00:00.000Z,46.76
LTC,Litecoin,2017-11-03T00:00:00.000Z,48.66
LTC,Litecoin,2017-11-04T00:00:00.000Z,47.63
LTC,Litecoin,2017-11-05T00:00:00.000Z,47.39
LTC,Litecoin,2017-11-06T00:00:00.000Z,47.34
LTC,Litecoin,2017-11-07T00:00:00.000Z,52.56
LTC,Litecoin,2017-11-08T00:00:00.000Z,54.18
LTC,Litecoin,2017-11-09T00:00:00.000Z,55.67
LTC,Litecoin,2017-11-10T00:00:00.000Z,51.26
LTC,Litecoin,2017-11-11T00:00:00.000Z,54.11
LTC,Litecoin,2017-11-12T00:00:00.000Z,51.04
LTC,Litecoin,2017-11-13T00:00:00.000Z,52.89
LTC,Litecoin,2017-11-14T00:00:00.000Z,53.47
LTC,Litecoin,2017-11-15T00:00:00.000Z,54.21
LTC,Litecoin,2017-11-16T00:00:00.000Z,59.7
LTC,Litecoin,2017-11-17T00:00:00.000Z,57.53
LTC,Litecoin,2017-11-18T00:00:00.000Z,59.05
LTC,Litecoin,2017-11-19T00:00:00.000Z,60.63
LTC,Litecoin,2017-11-20T00:00:00.000Z,61.28
LTC,Litecoin,2017-11-21T00:00:00.000Z,59.89
LTC,Litecoin,2017-11-22T00:00:00.000Z,61.04
LTC,Litecoin,2017-11-23T00:00:00.000Z,62.14
LTC,Litecoin,2017-11-24T00:00:00.000Z,65.0
LTC,Litecoin,2017-11-25T00:00:00.000Z,73.6
LTC,Litecoin,2017-11-26T00:00:00.000Z,70.7
LTC,Litecoin,2017-11-27T00:00:00.000Z,75.5
LTC,Litecoin,2017-11-28T00:00:00.000Z,78.5
LTC,Litecoin,2017-11-29T00:00:00.000Z,72.64
LTC,Litecoin,2017-11-30T00:00:00.000Z,74.78
LTC,Litecoin,2017-12-01T00:00:00.000Z,82.87
LTC,Litecoin,2017-12-02T00:00:00.000Z,84.23
LTC,Litecoin,2017-12-03T00:00:00.000Z,84.76
LTC,Litecoin,2017-12-04T00:00:00.000Z,87.03
LTC,Litecoin,2017-12-05T00:00:00.000Z,85.81
LTC,Litecoin,2017-12-06T00:00:00.000Z,85.56
LTC,Litecoin,2017-12-07T00:00:00.000Z,79.98
LTC,Litecoin,2017-12-08T00:00:00.000Z,103.55
LTC,Litecoin,2017-12-09T00:00:00.000Z,129.09
LTC,Litecoin,2017-12-10T00:00:00.000Z,121.96
LTC,Litecoin,2017-12-11T00:00:00.000Z,175.55
LTC,Litecoin,2017-12-12T00:00:00.000Z,266.57
LTC,Litecoin,2017-12-13T00:00:00.000Z,253.61
LTC,Litecoin,2017-12-14T00:00:00.000Z,232.95
LTC,Litecoin,2017-12-15T00:00:00.000Z,252.37
LTC,Litecoin,2017-12-16T00:00:00.000Z,253.88
LTC,Litecoin,2017-12-17T00:00:00.000Z,266.39
LTC,Litecoin,2017-12-18T00:00:00.000Z,301.02
LTC,Litecoin,2017-12-19T00:00:00.000Z,297.27
LTC,Litecoin,2017-12-20T00:00:00.000Z,259.54
LTC,Litecoin,2017-12-21T00:00:00.000Z,253.84
LTC,Litecoin,2017-12-22T00:00:00.000Z,228.12
LTC,Litecoin,2017-12-23T00:00:00.000Z,245.9
LTC,Litecoin,2017-12-24T00:00:00.000Z,236.87
LTC,Litecoin,2017-12-25T00:00:00.000Z,230.31
LTC,Litecoin,2017-12-26T00:00:00.000Z,235.51
LTC,Litecoin,2017-12-27T00:00:00.000Z,226.31
LTC,Litecoin,2017-12-28T00:00:00.000Z,214.59
LTC,Litecoin,2017-12-29T00:00:00.000Z,207.83
LTC,Litecoin,2017-12-30T00:00:00.000Z,181.38
LTC,Litecoin,2017-12-31T00:00:00.000Z,196.82
LTC,Litecoin,2018-01-01T00:00:00.000Z,191.37
LTC,Litecoin,2018-01-02T00:00:00.000Z,211.39
LTC,Litecoin,2018-01-03T00:00:00.000Z,206.19
LTC,Litecoin,2018-01-04T00:00:00.000Z,201.53
LTC,Litecoin,2018-01-05T00:00:00.000Z,204.63
LTC,Litecoin,2018-01-06T00:00:00.000Z,232.61
LTC,Litecoin,2018-01-07T00:00:00.000Z,223.85
LTC,Litecoin,2018-01-08T00:00:00.000Z,215.38
LTC,Litecoin,2018-01-09T00:00:00.000Z,206.21
LTC,Litecoin,2018-01-10T00:00:00.000Z,207.83
LTC,Litecoin,2018-01-11T00:00:00.000Z,189.73
LTC,Litecoin,2018-01-12T00:00:00.000Z,196.11
LTC,Litecoin,2018-01-13T00:00:00.000Z,213.3
LTC,Litecoin,2018-01-14T00:00:00.000Z,196.93
LTC,Litecoin,2018-01-15T00:00:00.000Z,191.35
LTC,Litecoin,2018-01-16T00:00:00.000Z,154.51
LTC,Litecoin,2018-01-17T00:00:00.000Z,155.17
LTC,Litecoin,2018-01-18T00:00:00.000Z,160.15
LTC,Litecoin,2018-01-19T00:00:00.000Z,160.96
LTC,Litecoin,2018-01-20T00:00:00.000Z,174.1
LTC,Litecoin,2018-01-21T00:00:00.000Z,157.64
LTC,Litecoin,2018-01-22T00:00:00.000Z,147.78
LTC,Litecoin,2018-01-23T00:00:00.000Z,144.84
LTC,Litecoin,2018-01-24T00:00:00.000Z,146.45
LTC,Litecoin,2018-01-25T00:00:00.000Z,144.94
LTC,Litecoin,2018-01-26T00:00:00.000Z,142.18
LTC,Litecoin,2018-01-27T00:00:00.000Z,145.41
LTC,Litecoin,2018-01-28T00:00:00.000Z,155.6
LTC,Litecoin,2018-01-29T00:00:00.000Z,145.94
LTC,Litecoin,2018-01-30T00:00:00.000Z,132.45
LTC,Litecoin,2018-01-31T00:00:00.000Z,130.4
LTC,Litecoin,2018-02-01T00:00:00.000Z,111.8
LTC,Litecoin,2018-02-02T00:00:00.000Z,105.31
LTC,Litecoin,2018-02-03T00:00:00.000Z,129.79
LTC,Litecoin,2018-02-04T00:00:00.000Z,117.82
LTC,Litecoin,2018-02-05T00:00:00.000Z,98.92
LTC,Litecoin,2018-02-06T00:00:00.000Z,114.7
LTC,Litecoin,2018-02-07T00:00:00.000Z,112.01
LTC,Litecoin,2018-02-08T00:00:00.000Z,122.57
LTC,Litecoin,2018-02-09T00:00:00.000Z,133.59
LTC,Litecoin,2018-02-10T00:00:00.000Z,127.3
LTC,Litecoin,2018-02-11T00:00:00.000Z,121.83
LTC,Litecoin,2018-02-12T00:00:00.000Z,130.0
ETH,Ethereum,2017-08-10T00:00:00.000Z,253.25
ETH,Ethereum,2017-08-11T00:00:00.000Z,264.06
ETH,Ethereum,2017-08-12T00:00:00.000Z,262.39
ETH,Ethereum,2017-08-13T00:00:00.000Z,252.18
ETH,Ethereum,2017-08-14T00:00:00.000Z,255.0
ETH,Ethereum,2017-08-15T00:00:00.000Z,244.17
ETH,Ethereum,2017-08-16T00:00:00.000Z,257.56
ETH,Ethereum,2017-08-17T00:00:00.000Z,256.15
ETH,Ethereum,2017-08-18T00:00:00.000Z,250.83
ETH,Ethereum,2017-08-19T00:00:00.000Z,248.83
ETH,Ethereum,2017-08-20T00:00:00.000Z,254.47
ETH,Ethereum,2017-08-21T00:00:00.000Z,272.1
ETH,Ethereum,2017-08-22T00:00:00.000Z,268.07
ETH,Ethereum,2017-08-23T00:00:00.000Z,271.93
ETH,Ethereum,2017-08-24T00:00:00.000Z,277.18
ETH,Ethereum,2017-08-25T00:00:00.000Z,278.17
ETH,Ethereum,2017-08-26T00:00:00.000Z,279.19
ETH,Ethereum,2017-08-27T00:00:00.000Z,290.45
ETH,Ethereum,2017-08-28T00:00:00.000Z,290.35
ETH,Ethereum,2017-08-29T00:00:00.000Z,309.51
ETH,Ethereum,2017-08-30T00:00:00.000Z,321.33
ETH,Ethereum,2017-08-31T00:00:00.000Z,326.86
ETH,Ethereum,2017-09-01T00:00:00.000Z,328.28
ETH,Ethereum,2017-09-02T00:00:00.000Z,295.62
ETH,Ethereum,2017-09-03T00:00:00.000Z,299.41
ETH,Ethereum,2017-09-04T00:00:00.000Z,259.09
ETH,Ethereum,2017-09-05T00:00:00.000Z,272.46
ETH,Ethereum,2017-09-06T00:00:00.000Z,286.69
ETH,Ethereum,2017-09-07T00:00:00.000Z,280.77
ETH,Ethereum,2017-09-08T00:00:00.000Z,259.47
ETH,Ethereum,2017-09-09T00:00:00.000Z,254.79
ETH,Ethereum,2017-09-10T00:00:00.000Z,251.62
ETH,Ethereum,2017-09-11T00:00:00.000Z,250.26
ETH,Ethereum,2017-09-12T00:00:00.000Z,245.48
ETH,Ethereum,2017-09-13T00:00:00.000Z,231.86
ETH,Ethereum,2017-09-14T00:00:00.000Z,188.04
ETH,Ethereum,2017-09-15T00:00:00.000Z,218.69
ETH,Ethereum,2017-09-16T00:00:00.000Z,214.4
ETH,Ethereum,2017-09-17T00:00:00.000Z,217.15
ETH,Ethereum,2017-09-18T00:00:00.000Z,251.12
ETH,Ethereum,2017-09-19T00:00:00.000Z,236.38
ETH,Ethereum,2017-09-20T00:00:00.000Z,238.3
ETH,Ethereum,2017-09-21T00:00:00.000Z,216.58
ETH,Ethereum,2017-09-22T00:00:00.000Z,222.28
ETH,Ethereum,2017-09-23T00:00:00.000Z,239.79
ETH,Ethereum,2017-09-24T00:00:00.000Z,237.54
ETH,Ethereum,2017-09-25T00:00:00.000Z,248.69
ETH,Ethereum,2017-09-26T00:00:00.000Z,243.15
ETH,Ethereum,2017-09-27T00:00:00.000Z,262.22
ETH,Ethereum,2017-09-28T00:00:00.000Z,256.64
ETH,Ethereum,2017-09-29T00:00:00.000Z,246.18
ETH,Ethereum,2017-09-30T00:00:00.000Z,254.88
ETH,Ethereum,2017-10-01T00:00:00.000Z,255.46
ETH,Ethereum,2017-10-02T00:00:00.000Z,251.82
ETH,Ethereum,2017-10-03T00:00:00.000Z,248.62
ETH,Ethereum,2017-10-04T00:00:00.000Z,249.04
ETH,Ethereum,2017-10-05T00:00:00.000Z,251.6
ETH,Ethereum,2017-10-06T00:00:00.000Z,261.87
ETH,Ethereum,2017-10-07T00:00:00.000Z,263.97
ETH,Ethereum,2017-10-08T00:00:00.000Z,261.12
ETH,Ethereum,2017-10-09T00:00:00.000Z,250.91
ETH,Ethereum,2017-10-10T00:00:00.000Z,251.88
ETH,Ethereum,2017-10-11T00:00:00.000Z,254.99
ETH,Ethereum,2017-10-12T00:00:00.000Z,252.82
ETH,Ethereum,2017-10-13T00:00:00.000Z,283.68
ETH,Ethereum,2017-10-14T00:00:00.000Z,283.86
ETH,Ethereum,2017-10-15T00:00:00.000Z,281.28
ETH,Ethereum,2017-10-16T00:00:00.000Z,281.69
ETH,Ethereum,2017-10-17T00:00:00.000Z,268.57
ETH,Ethereum,2017-10-18T00:00:00.000Z,267.56
ETH,Ethereum,2017-10-19T00:00:00.000Z,260.4
ETH,Ethereum,2017-10-20T00:00:00.000Z,258.14
ETH,Ethereum,2017-10-21T00:00:00.000Z,255.09
ETH,Ethereum,2017-10-22T00:00:00.000Z,250.55
ETH,Ethereum,2017-10-23T00:00:00.000Z,242.43
ETH,Ethereum,2017-10-24T00:00:00.000Z,255.29
ETH,Ethereum,2017-10-25T00:00:00.000Z,253.84
ETH,Ethereum,2017-10-26T00:00:00.000Z,254.91
ETH,Ethereum,2017-10-27T00:00:00.000Z,256.4
ETH,Ethereum,2017-10-28T00:00:00.000Z,254.69
ETH,Ethereum,2017-10-29T00:00:00.000Z,261.19
ETH,Ethereum,2017-10-30T00:00:00.000Z,264.21
ETH,Ethereum,2017-10-31T00:00:00.000Z,262.2
ETH,Ethereum,2017-11-01T00:00:00.000Z,253.04
ETH,Ethereum,2017-11-02T00:00:00.000Z,246.28
ETH,Ethereum,2017-11-03T00:00:00.000Z,265.35
ETH,Ethereum,2017-11-04T00:00:00.000Z,259.52
ETH,Ethereum,2017-11-05T00:00:00.000Z,256.62
ETH,Ethereum,2017-11-06T00:00:00.000Z,257.33
ETH,Ethereum,2017-11-07T00:00:00.000Z,254.97
ETH,Ethereum,2017-11-08T00:00:00.000Z,268.68
ETH,Ethereum,2017-11-09T00:00:00.000Z,277.52
ETH,Ethereum,2017-11-10T00:00:00.000Z,258.93
ETH,Ethereum,2017-11-11T00:00:00.000Z,271.88
ETH,Ethereum,2017-11-12T00:00:00.000Z,264.55
ETH,Ethereum,2017-11-13T00:00:00.000Z,273.36
ETH,Ethereum,2017-11-14T00:00:00.000Z,288.61
ETH,Ethereum,2017-11-15T00:00:00.000Z,284.52
ETH,Ethereum,2017-11-16T00:00:00.000Z,279.23
ETH,Ethereum,2017-11-17T00:00:00.000Z,283.1
ETH,Ethereum,2017-11-18T00:00:00.000Z,293.26
ETH,Ethereum,2017-11-19T00:00:00.000Z,299.39
ETH,Ethereum,2017-11-20T00:00:00.000Z,308.87
ETH,Ethereum,2017-11-21T00:00:00.000Z,307.82
ETH,Ethereum,2017-11-22T00:00:00.000Z,322.5
ETH,Ethereum,2017-11-23T00:00:00.000Z,346.48
ETH,Ethereum,2017-11-24T00:00:00.000Z,394.73
ETH,Ethereum,2017-11-25T00:00:00.000Z,385.3
ETH,Ethereum,2017-11-26T00:00:00.000Z,387.83
ETH,Ethereum,2017-11-27T00:00:00.000Z,395.02
ETH,Ethereum,2017-11-28T00:00:00.000Z,389.53
ETH,Ethereum,2017-11-29T00:00:00.000Z,363.41
ETH,Ethereum,2017-11-30T00:00:00.000Z,375.03
ETH,Ethereum,2017-12-01T00:00:00.000Z,388.27
ETH,Ethereum,2017-12-02T00:00:00.000Z,386.58
ETH,Ethereum,2017-12-03T00:00:00.000Z,386.72
ETH,Ethereum,2017-12-04T00:00:00.000Z,392.12
ETH,Ethereum,2017-12-05T00:00:00.000Z,386.9
ETH,Ethereum,2017-12-06T00:00:00.000Z,361.49
ETH,Ethereum,2017-12-07T00:00:00.000Z,353.51
ETH,Ethereum,2017-12-08T00:00:00.000Z,375.99
ETH,Ethereum,2017-12-09T00:00:00.000Z,392.05
ETH,Ethereum,2017-12-10T00:00:00.000Z,362.69
ETH,Ethereum,2017-12-11T00:00:00.000Z,415.17
ETH,Ethereum,2017-12-12T00:00:00.000Z,528.04
ETH,Ethereum,2017-12-13T00:00:00.000Z,575.68
ETH,Ethereum,2017-12-14T00:00:00.000Z,577.22
ETH,Ethereum,2017-12-15T00:00:00.000Z,570.76
ETH,Ethereum,2017-12-16T00:00:00.000Z,579.55
ETH,Ethereum,2017-12-17T00:00:00.000Z,593.34
ETH,Ethereum,2017-12-18T00:00:00.000Z,661.35
ETH,Ethereum,2017-12-19T00:00:00.000Z,694.98
ETH,Ethereum,2017-12-20T00:00:00.000Z,675.8
ETH,Ethereum,2017-12-21T00:00:00.000Z,645.94
ETH,Ethereum,2017-12-22T00:00:00.000Z,568.9
ETH,Ethereum,2017-12-23T00:00:00.000Z,600.14
ETH,Ethereum,2017-12-24T00:00:00.000Z,582.65
ETH,Ethereum,2017-12-25T00:00:00.000Z,611.11
ETH,Ethereum,2017-12-26T00:00:00.000Z,628.15
ETH,Ethereum,2017-12-27T00:00:00.000Z,627.75
ETH,Ethereum,2017-12-28T00:00:00.000Z,612.51
ETH,Ethereum,2017-12-29T00:00:00.000Z,631.79
ETH,Ethereum,2017-12-30T00:00:00.000Z,593.18
ETH,Ethereum,2017-12-31T00:00:00.000Z,637.2
ETH,Ethereum,2018-01-01T00:00:00.000Z,640.56
ETH,Ethereum,2018-01-02T00:00:00.000Z,717.19
ETH,Ethereum,2018-01-03T00:00:00.000Z,793.88
ETH,Ethereum,2018-01-04T00:00:00.000Z,794.87
ETH,Ethereum,2018-01-05T00:00:00.000Z,807.81
ETH,Ethereum,2018-01-06T00:00:00.000Z,830.3
ETH,Ethereum,2018-01-07T00:00:00.000Z,908.83
ETH,Ethereum,2018-01-08T00:00:00.000Z,957.27
ETH,Ethereum,2018-01-09T00:00:00.000Z,1074.25
ETH,Ethereum,2018-01-10T00:00:00.000Z,1035.57
ETH,Ethereum,2018-01-11T00:00:00.000Z,952.55
ETH,Ethereum,2018-01-12T00:00:00.000Z,1043.75
ETH,Ethereum,2018-01-13T00:00:00.000Z,1144.05
ETH,Ethereum,2018-01-14T00:00:00.000Z,1121.11
ETH,Ethereum,2018-01-15T00:00:00.000Z,1049.04
ETH,Ethereum,2018-01-16T00:00:00.000Z,865.22
ETH,Ethereum,2018-01-17T00:00:00.000Z,847.73
ETH,Ethereum,2018-01-18T00:00:00.000Z,852.47
ETH,Ethereum,2018-01-19T00:00:00.000Z,863.44
ETH,Ethereum,2018-01-20T00:00:00.000Z,949.48
ETH,Ethereum,2018-01-21T00:00:00.000Z,867.77
ETH,Ethereum,2018-01-22T00:00:00.000Z,821.39
ETH,Ethereum,2018-01-23T00:00:00.000Z,803.87
ETH,Ethereum,2018-01-24T00:00:00.000Z,859.47
ETH,Ethereum,2018-01-25T00:00:00.000Z,847.63
ETH,Ethereum,2018-01-26T00:00:00.000Z,848.74
ETH,Ethereum,2018-01-27T00:00:00.000Z,890.76
ETH,Ethereum,2018-01-28T00:00:00.000Z,985.66
ETH,Ethereum,2018-01-29T00:00:00.000Z,943.92
ETH,Ethereum,2018-01-30T00:00:00.000Z,854.31
ETH,Ethereum,2018-01-31T00:00:00.000Z,889.11
ETH,Ethereum,2018-02-01T00:00:00.000Z,811.04
ETH,Ethereum,2018-02-02T00:00:00.000Z,737.01
ETH,Ethereum,2018-02-03T00:00:00.000Z,780.7
ETH,Ethereum,2018-02-04T00:00:00.000Z,659.56
ETH,Ethereum,2018-02-05T00:00:00.000Z,549.51
ETH,Ethereum,2018-02-06T00:00:00.000Z,632.36
ETH,Ethereum,2018-02-07T00:00:00.000Z,611.92
ETH,Ethereum,2018-02-08T00:00:00.000Z,666.74
ETH,Ethereum,2018-02-09T00:00:00.000Z,715.47
ETH,Ethereum,2018-02-10T00:00:00.000Z,697.07
ETH,Ethereum,2018-02-11T00:00:00.000Z,662.86
ETH,Ethereum,2018-02-12T00:00:00.000Z,702.76
XRP,Ripple,2017-08-10T00:00:00.000Z,0.15480000000000002
XRP,Ripple,2017-08-11T00:00:00.000Z,0.1516
XRP,Ripple,2017-08-12T00:00:00.000Z,0.1456
XRP,Ripple,2017-08-13T00:00:00.000Z,0.14150000000000001
XRP,Ripple,2017-08-14T00:00:00.000Z,0.1428
XRP,Ripple,2017-08-15T00:00:00.000Z,0.134
XRP,Ripple,2017-08-16T00:00:00.000Z,0.137
XRP,Ripple,2017-08-17T00:00:00.000Z,0.1351
XRP,Ripple,2017-08-18T00:00:00.000Z,0.1345
XRP,Ripple,2017-08-19T00:00:00.000Z,0.1315
XRP,Ripple,2017-08-20T00:00:00.000Z,0.136
XRP,Ripple,2017-08-21T00:00:00.000Z,0.1663
XRP,Ripple,2017-08-22T00:00:00.000Z,0.2064
XRP,Ripple,2017-08-23T00:00:00.000Z,0.21030000000000001
XRP,Ripple,2017-08-24T00:00:00.000Z,0.184
XRP,Ripple,2017-08-25T00:00:00.000Z,0.1831
XRP,Ripple,2017-08-26T00:00:00.000Z,0.1764
XRP,Ripple,2017-08-27T00:00:00.000Z,0.1696
XRP,Ripple,2017-08-28T00:00:00.000Z,0.18860000000000002
XRP,Ripple,2017-08-29T00:00:00.000Z,0.1835
XRP,Ripple,2017-08-30T00:00:00.000Z,0.1948
XRP,Ripple,2017-08-31T00:00:00.000Z,0.21810000000000002
XRP,Ripple,2017-09-01T00:00:00.000Z,0.2132
XRP,Ripple,2017-09-02T00:00:00.000Z,0.1918
XRP,Ripple,2017-09-03T00:00:00.000Z,0.1973
XRP,Ripple,2017-09-04T00:00:00.000Z,0.1781
XRP,Ripple,2017-09-05T00:00:00.000Z,0.1884
XRP,Ripple,2017-09-06T00:00:00.000Z,0.197
XRP,Ripple,2017-09-07T00:00:00.000Z,0.1913
XRP,Ripple,2017-09-08T00:00:00.000Z,0.1814
XRP,Ripple,2017-09-09T00:00:00.000Z,0.17850000000000002
XRP,Ripple,2017-09-10T00:00:00.000Z,0.1831
XRP,Ripple,2017-09-11T00:00:00.000Z,0.18030000000000002
XRP,Ripple,2017-09-12T00:00:00.000Z,0.1761
XRP,Ripple,2017-09-13T00:00:00.000Z,0.1663
XRP,Ripple,2017-09-14T00:00:00.000Z,0.14400000000000002
XRP,Ripple,2017-09-15T00:00:00.000Z,0.1562
XRP,Ripple,2017-09-16T00:00:00.000Z,0.155
XRP,Ripple,2017-09-17T00:00:00.000Z,0.15460000000000002
XRP,Ripple,2017-09-18T00:00:00.000Z,0.16390000000000002
XRP,Ripple,2017-09-19T00:00:00.000Z,0.15480000000000002
XRP,Ripple,2017-09-20T00:00:00.000Z,0.1527
XRP,Ripple,2017-09-21T00:00:00.000Z,0.1436
XRP,Ripple,2017-09-22T00:00:00.000Z,0.1461
XRP,Ripple,2017-09-23T00:00:00.000Z,0.1501
XRP,Ripple,2017-09-24T00:00:00.000Z,0.1484
XRP,Ripple,2017-09-25T00:00:00.000Z,0.1552
XRP,Ripple,2017-09-26T00:00:00.000Z,0.159
XRP,Ripple,2017-09-27T00:00:00.000Z,0.1781
XRP,Ripple,2017-09-28T00:00:00.000Z,0.1706
XRP,Ripple,2017-09-29T00:00:00.000Z,0.1658
XRP,Ripple,2017-09-30T00:00:00.000Z,0.16770000000000002
XRP,Ripple,2017-10-01T00:00:00.000Z,0.1749
XRP,Ripple,2017-10-02T00:00:00.000Z,0.1724
XRP,Ripple,2017-10-03T00:00:00.000Z,0.1726
XRP,Ripple,2017-10-04T00:00:00.000Z,0.18130000000000002
XRP,Ripple,2017-10-05T00:00:00.000Z,0.2025
XRP,Ripple,2017-10-06T00:00:00.000Z,0.198
XRP,Ripple,2017-10-07T00:00:00.000Z,0.2036
XRP,Ripple,2017-10-08T00:00:00.000Z,0.2356
XRP,Ripple,2017-10-09T00:00:00.000Z,0.21080000000000002
XRP,Ripple,2017-10-10T00:00:00.000Z,0.218
XRP,Ripple,2017-10-11T00:00:00.000Z,0.2222
XRP,Ripple,2017-10-12T00:00:00.000Z,0.2059
XRP,Ripple,2017-10-13T00:00:00.000Z,0.218
XRP,Ripple,2017-10-14T00:00:00.000Z,0.21480000000000002
XRP,Ripple,2017-10-15T00:00:00.000Z,0.223
XRP,Ripple,2017-10-16T00:00:00.000Z,0.218
XRP,Ripple,2017-10-17T00:00:00.000Z,0.19440000000000002
XRP,Ripple,2017-10-18T00:00:00.000Z,0.18510000000000001
XRP,Ripple,2017-10-19T00:00:00.000Z,0.18230000000000002
XRP,Ripple,2017-10-20T00:00:00.000Z,0.176
XRP,Ripple,2017-10-21T00:00:00.000Z,0.17850000000000002
XRP,Ripple,2017-10-22T00:00:00.000Z,0.1708
XRP,Ripple,2017-10-23T00:00:00.000Z,0.1635
XRP,Ripple,2017-10-24T00:00:00.000Z,0.17500000000000002
XRP,Ripple,2017-10-25T00:00:00.000Z,0.17170000000000002
XRP,Ripple,2017-10-26T00:00:00.000Z,0.1733
XRP,Ripple,2017-10-27T00:00:00.000Z,0.17370000000000002
XRP,Ripple,2017-10-28T00:00:00.000Z,0.17220000000000002
XRP,Ripple,2017-10-29T00:00:00.000Z,0.17370000000000002
XRP,Ripple,2017-10-30T00:00:00.000Z,0.17350000000000002
XRP,Ripple,2017-10-31T00:00:00.000Z,0.1698
XRP,Ripple,2017-11-01T00:00:00.000Z,0.1645
XRP,Ripple,2017-11-02T00:00:00.000Z,0.1721
XRP,Ripple,2017-11-03T00:00:00.000Z,0.17950000000000002
XRP,Ripple,2017-11-04T00:00:00.000Z,0.17400000000000002
XRP,Ripple,2017-11-05T00:00:00.000Z,0.1734
XRP,Ripple,2017-11-06T00:00:00.000Z,0.1754
XRP,Ripple,2017-11-07T00:00:00.000Z,0.17850000000000002
XRP,Ripple,2017-11-08T00:00:00.000Z,0.1889
XRP,Ripple,2017-11-09T00:00:00.000Z,0.1893
XRP,Ripple,2017-11-10T00:00:00.000Z,0.1769
XRP,Ripple,2017-11-11T00:00:00.000Z,0.1796
XRP,Ripple,2017-11-12T00:00:00.000Z,0.167
XRP,Ripple,2017-11-13T00:00:00.000Z,0.1744
XRP,Ripple,2017-11-14T00:00:00.000Z,0.1757
XRP,Ripple,2017-11-15T00:00:00.000Z,0.1791
XRP,Ripple,2017-11-16T00:00:00.000Z,0.19140000000000001
XRP,Ripple,2017-11-17T00:00:00.000Z,0.19260000000000002
XRP,Ripple,2017-11-18T00:00:00.000Z,0.1935
XRP,Ripple,2017-11-19T00:00:00.000Z,0.19540000000000002
XRP,Ripple,2017-11-20T00:00:00.000Z,0.2019
XRP,Ripple,2017-11-21T00:00:00.000Z,0.1985
XRP,Ripple,2017-11-22T00:00:00.000Z,0.20350000000000001
XRP,Ripple,2017-11-23T00:00:00.000Z,0.2043
XRP,Ripple,2017-11-24T00:00:00.000Z,0.202
XRP,Ripple,2017-11-25T00:00:00.000Z,0.20700000000000002
XRP,Ripple,2017-11-26T00:00:00.000Z,0.20350000000000001
XRP,Ripple,2017-11-27T00:00:00.000Z,0.20520000000000002
XRP,Ripple,2017-11-28T00:00:00.000Z,0.2338
XRP,Ripple,2017-11-29T00:00:00.000Z,0.201
XRP,Ripple,2017-11-30T00:00:00.000Z,0.2013
XRP,Ripple,2017-12-01T00:00:00.000Z,0.2093
XRP,Ripple,2017-12-02T00:00:00.000Z,0.20600000000000002
XRP,Ripple,2017-12-03T00:00:00.000Z,0.2043
XRP,Ripple,2017-12-04T00:00:00.000Z,0.2074
XRP,Ripple,2017-12-05T00:00:00.000Z,0.2015
XRP,Ripple,2017-12-06T00:00:00.000Z,0.18730000000000002
XRP,Ripple,2017-12-07T00:00:00.000Z,0.17420000000000002
XRP,Ripple,2017-12-08T00:00:00.000Z,0.19790000000000002
XRP,Ripple,2017-12-09T00:00:00.000Z,0.1967
XRP,Ripple,2017-12-10T00:00:00.000Z,0.1888
XRP,Ripple,2017-12-11T00:00:00.000Z,0.2015
XRP,Ripple,2017-12-12T00:00:00.000Z,0.2868
XRP,Ripple,2017-12-13T00:00:00.000Z,0.39030000000000004
XRP,Ripple,2017-12-14T00:00:00.000Z,0.7092
XRP,Ripple,2017-12-15T00:00:00.000Z,0.6194000000000001
XRP,Ripple,2017-12-16T00:00:00.000Z,0.623
XRP,Ripple,2017-12-17T00:00:00.000Z,0.5923
XRP,Ripple,2017-12-18T00:00:00.000Z,0.6348
XRP,Ripple,2017-12-19T00:00:00.000Z,0.6339
XRP,Ripple,2017-12-20T00:00:00.000Z,0.6095
XRP,Ripple,2017-12-21T00:00:00.000Z,0.9245000000000001
XRP,Ripple,2017-12-22T00:00:00.000Z,0.8687
XRP,Ripple,2017-12-23T00:00:00.000Z,0.8748
XRP,Ripple,2017-12-24T00:00:00.000Z,0.846
XRP,Ripple,2017-12-25T00:00:00.000Z,0.8338
XRP,Ripple,2017-12-26T00:00:00.000Z,0.8918
XRP,Ripple,2017-12-27T00:00:00.000Z,1.02
XRP,Ripple,2017-12-28T00:00:00.000Z,1.07
XRP,Ripple,2017-12-29T00:00:00.000Z,1.65
XRP,Ripple,2017-12-30T00:00:00.000Z,1.6
XRP,Ripple,2017-12-31T00:00:00.000Z,1.69
XRP,Ripple,2018-01-01T00:00:00.000Z,1.73
XRP,Ripple,2018-01-02T00:00:00.000Z,1.82
XRP,Ripple,2018-01-03T00:00:00.000Z,2.2800000000000002
XRP,Ripple,2018-01-04T00:00:00.000Z,2.29
XRP,Ripple,2018-01-05T00:00:00.000Z,2.07
XRP,Ripple,2018-01-06T00:00:00.000Z,2.19
XRP,Ripple,2018-01-07T00:00:00.000Z,2.27
XRP,Ripple,2018-01-08T00:00:00.000Z,2.0
XRP,Ripple,2018-01-09T00:00:00.000Z,1.7000000000000002
XRP,Ripple,2018-01-10T00:00:00.000Z,1.6099999999999999
XRP,Ripple,2018-01-11T00:00:00.000Z,1.5899999999999999
XRP,Ripple,2018-01-12T00:00:00.000Z,1.6600000000000001
XRP,Ripple,2018-01-13T00:00:00.000Z,1.6400000000000001
XRP,Ripple,2018-01-14T00:00:00.000Z,1.53
XRP,Ripple,2018-01-15T00:00:00.000Z,1.3599999999999999
XRP,Ripple,2018-01-16T00:00:00.000Z,0.9629000000000001
XRP,Ripple,2018-01-17T00:00:00.000Z,1.08
XRP,Ripple,2018-01-18T00:00:00.000Z,1.31
XRP,Ripple,2018-01-19T00:00:00.000Z,1.27
XRP,Ripple,2018-01-20T00:00:00.000Z,1.29
XRP,Ripple,2018-01-21T00:00:00.000Z,1.13
XRP,Ripple,2018-01-22T00:00:00.000Z,1.1
XRP,Ripple,2018-01-23T00:00:00.000Z,1.09
XRP,Ripple,2018-01-24T00:00:00.000Z,1.1
XRP,Ripple,2018-01-25T00:00:00.000Z,1.05
XRP,Ripple,2018-01-26T00:00:00.000Z,0.98
XRP,Ripple,2018-01-27T00:00:00.000Z,0.9779
XRP,Ripple,2018-01-28T00:00:00.000Z,1.09
XRP,Ripple,2018-01-29T00:00:00.000Z,1.02
XRP,Ripple,2018-01-30T00:00:00.000Z,0.8829
XRP,Ripple,2018-01-31T00:00:00.000Z,0.9008
XRP,Ripple,2018-02-01T00:00:00.000Z,0.7429
XRP,Ripple,2018-02-02T00:00:00.000Z,0.7182000000000001
XRP,Ripple,2018-02-03T00:00:00.000Z,0.7704000000000001
XRP,Ripple,2018-02-04T00:00:00.000Z,0.6512
XRP,Ripple,2018-02-05T00:00:00.000Z,0.5344
XRP,Ripple,2018-02-06T00:00:00.000Z,0.6128
XRP,Ripple,2018-02-07T00:00:00.000Z,0.5776
XRP,Ripple,2018-02-08T00:00:00.000Z,0.6406000000000001
XRP,Ripple,2018-02-09T00:00:00.000Z,0.7492000000000001
XRP,Ripple,2018-02-10T00:00:00.000Z,0.8395
XRP,Ripple,2018-02-11T00:00:00.000Z,0.7862
XRP,Ripple,2018-02-12T00:00:00.000Z,0.8443
NXT,Nxt,2017-08-10T00:00:00.000Z,0.11220000000000001
NXT,Nxt,2017-08-11T00:00:00.000Z,0.10990000000000001
NXT,Nxt,2017-08-12T00:00:00.000Z,0.09799000000000001
NXT,Nxt,2017-08-13T00:00:00.000Z,0.1106
NXT,Nxt,2017-08-14T00:00:00.000Z,0.09358000000000001
NXT,Nxt,2017-08-15T00:00:00.000Z,0.09343000000000001
NXT,Nxt,2017-08-16T00:00:00.000Z,0.09278
NXT,Nxt,2017-08-17T00:00:00.000Z,0.09248
NXT,Nxt,2017-08-18T00:00:00.000Z,0.0869
NXT,Nxt,2017-08-19T00:00:00.000Z,0.08875000000000001
NXT,Nxt,2017-08-20T00:00:00.000Z,0.0976
NXT,Nxt,2017-08-21T00:00:00.000Z,0.09236000000000001
NXT,Nxt,2017-08-22T00:00:00.000Z,0.0927
NXT,Nxt,2017-08-23T00:00:00.000Z,0.1056
NXT,Nxt,2017-08-24T00:00:00.000Z,0.0998
NXT,Nxt,2017-08-25T00:00:00.000Z,0.09654000000000001
NXT,Nxt,2017-08-26T00:00:00.000Z,0.0936
NXT,Nxt,2017-08-27T00:00:00.000Z,0.09712000000000001
NXT,Nxt,2017-08-28T00:00:00.000Z,0.09526000000000001
NXT,Nxt,2017-08-29T00:00:00.000Z,0.09226000000000001
NXT,Nxt,2017-08-30T00:00:00.000Z,0.09588
NXT,Nxt,2017-08-31T00:00:00.000Z,0.09542
NXT,Nxt,2017-09-01T00:00:00.000Z,0.1012
NXT,Nxt,2017-09-02T00:00:00.000Z,0.09092
NXT,Nxt,2017-09-03T00:00:00.000Z,0.09206
NXT,Nxt,2017-09-04T00:00:00.000Z,0.07844000000000001
NXT,Nxt,2017-09-05T00:00:00.000Z,0.07902
NXT,Nxt,2017-09-06T00:00:00.000Z,0.0912
NXT,Nxt,2017-09-07T00:00:00.000Z,0.08954000000000001
NXT,Nxt,2017-09-08T00:00:00.000Z,0.08207
NXT,Nxt,2017-09-09T00:00:00.000Z,0.07719000000000001
NXT,Nxt,2017-09-10T00:00:00.000Z,0.07479000000000001
NXT,Nxt,2017-09-11T00:00:00.000Z,0.07164000000000001
NXT,Nxt,2017-09-12T00:00:00.000Z,0.07122
NXT,Nxt,2017-09-13T00:00:00.000Z,0.06455000000000001
NXT,Nxt,2017-09-14T00:00:00.000Z,0.0502
NXT,Nxt,2017-09-15T00:00:00.000Z,0.059070000000000004
NXT,Nxt,2017-09-16T00:00:00.000Z,0.057300000000000004
NXT,Nxt,2017-09-17T00:00:00.000Z,0.05827
NXT,Nxt,2017-09-18T00:00:00.000Z,0.06411
NXT,Nxt,2017-09-19T00:00:00.000Z,0.05795
NXT,Nxt,2017-09-20T00:00:00.000Z,0.05709
NXT,Nxt,2017-09-21T00:00:00.000Z,0.050230000000000004
NXT,Nxt,2017-09-22T00:00:00.000Z,0.04986
NXT,Nxt,2017-09-23T00:00:00.000Z,0.051870000000000006
NXT,Nxt,2017-09-24T00:00:00.000Z,0.050230000000000004
NXT,Nxt,2017-09-25T00:00:00.000Z,0.05396
NXT,Nxt,2017-09-26T00:00:00.000Z,0.05586000000000001
NXT,Nxt,2017-09-27T00:00:00.000Z,0.06402000000000001
NXT,Nxt,2017-09-28T00:00:00.000Z,0.061430000000000005
NXT,Nxt,2017-09-29T00:00:00.000Z,0.05979
NXT,Nxt,2017-09-30T00:00:00.000Z,0.0641
NXT,Nxt,2017-10-01T00:00:00.000Z,0.06319000000000001
NXT,Nxt,2017-10-02T00:00:00.000Z,0.06058
NXT,Nxt,2017-10-03T00:00:00.000Z,0.0572
NXT,Nxt,2017-10-04T00:00:00.000Z,0.05365
NXT,Nxt,2017-10-05T00:00:00.000Z,0.05387
NXT,Nxt,2017-10-06T00:00:00.000Z,0.05621
NXT,Nxt,2017-10-07T00:00:00.000Z,0.06755
NXT,Nxt,2017-10-08T00:00:00.000Z,0.057870000000000005
NXT,Nxt,2017-10-09T00:00:00.000Z,0.052520000000000004
NXT,Nxt,2017-10-10T00:00:00.000Z,0.05603
NXT,Nxt,2017-10-11T00:00:00.000Z,0.055810000000000005
NXT,Nxt,2017-10-12T00:00:00.000Z,0.05383
NXT,Nxt,2017-10-13T00:00:00.000Z,0.053020000000000005
NXT,Nxt,2017-10-14T00:00:00.000Z,0.057150000000000006
NXT,Nxt,2017-10-15T00:00:00.000Z,0.05646
NXT,Nxt,2017-10-16T00:00:00.000Z,0.05908000000000001
NXT,Nxt,2017-10-17T00:00:00.000Z,0.05682
NXT,Nxt,2017-10-18T00:00:00.000Z,0.05682
NXT,Nxt,2017-10-19T00:00:00.000Z,0.05496
NXT,Nxt,2017-10-20T00:00:00.000Z,0.05278000000000001
NXT,Nxt,2017-10-21T00:00:00.000Z,0.05276
NXT,Nxt,2017-10-22T00:00:00.000Z,0.051820000000000005
NXT,Nxt,2017-10-23T00:00:00.000Z,0.049960000000000004
NXT,Nxt,2017-10-24T00:00:00.000Z,0.052770000000000004
NXT,Nxt,2017-10-25T00:00:00.000Z,0.05199
NXT,Nxt,2017-10-26T00:00:00.000Z,0.05167000000000001
NXT,Nxt,2017-10-27T00:00:00.000Z,0.051500000000000004
NXT,Nxt,2017-10-28T00:00:00.000Z,0.0506
NXT,Nxt,2017-10-29T00:00:00.000Z,0.05054
NXT,Nxt,2017-10-30T00:00:00.000Z,0.0504
NXT,Nxt,2017-10-31T00:00:00.000Z,0.050030000000000005
NXT,Nxt,2017-11-01T00:00:00.000Z,0.049080000000000006
NXT,Nxt,2017-11-02T00:00:00.000Z,0.05281
NXT,Nxt,2017-11-03T00:00:00.000Z,0.049870000000000005
NXT,Nxt,2017-11-04T00:00:00.000Z,0.04909
NXT,Nxt,2017-11-05T00:00:00.000Z,0.04972000000000001
NXT,Nxt,2017-11-06T00:00:00.000Z,0.04857
NXT,Nxt,2017-11-07T00:00:00.000Z,0.051030000000000006
NXT,Nxt,2017-11-08T00:00:00.000Z,0.05586000000000001
NXT,Nxt,2017-11-09T00:00:00.000Z,0.06266000000000001
NXT,Nxt,2017-11-10T00:00:00.000Z,0.055450000000000006
NXT,Nxt,2017-11-11T00:00:00.000Z,0.058710000000000005
NXT,Nxt,2017-11-12T00:00:00.000Z,0.05237000000000001
NXT,Nxt,2017-11-13T00:00:00.000Z,0.055040000000000006
NXT,Nxt,2017-11-14T00:00:00.000Z,0.05765000000000001
NXT,Nxt,2017-11-15T00:00:00.000Z,0.059160000000000004
NXT,Nxt,2017-11-16T00:00:00.000Z,0.059070000000000004
NXT,Nxt,2017-11-17T00:00:00.000Z,0.059370000000000006
NXT,Nxt,2017-11-18T00:00:00.000Z,0.06404
NXT,Nxt,2017-11-19T00:00:00.000Z,0.06481
NXT,Nxt,2017-11-20T00:00:00.000Z,0.07631
NXT,Nxt,2017-11-21T00:00:00.000Z,0.10740000000000001
NXT,Nxt,2017-11-22T00:00:00.000Z,0.1075
NXT,Nxt,2017-11-23T00:00:00.000Z,0.09475
NXT,Nxt,2017-11-24T00:00:00.000Z,0.1063
NXT,Nxt,2017-11-25T00:00:00.000Z,0.11270000000000001
NXT,Nxt,2017-11-26T00:00:00.000Z,0.13670000000000002
NXT,Nxt,2017-11-27T00:00:00.000Z,0.1655
NXT,Nxt,2017-11-28T00:00:00.000Z,0.1642
NXT,Nxt,2017-11-29T00:00:00.000Z,0.14
NXT,Nxt,2017-11-30T00:00:00.000Z,0.1539
NXT,Nxt,2017-12-01T00:00:00.000Z,0.194
NXT,Nxt,2017-12-02T00:00:00.000Z,0.3108
NXT,Nxt,2017-12-03T00:00:00.000Z,0.3623
NXT,Nxt,2017-12-04T00:00:00.000Z,0.3788
NXT,Nxt,2017-12-05T00:00:00.000Z,0.3456
NXT,Nxt,2017-12-06T00:00:00.000Z,0.40850000000000003
NXT,Nxt,2017-12-07T00:00:00.000Z,0.6187
NXT,Nxt,2017-12-08T00:00:00.000Z,0.5477000000000001
NXT,Nxt,2017-12-09T00:00:00.000Z,0.5124000000000001
NXT,Nxt,2017-12-10T00:00:00.000Z,0.4601
NXT,Nxt,2017-12-11T00:00:00.000Z,0.5327000000000001
NXT,Nxt,2017-12-12T00:00:00.000Z,0.5669000000000001
NXT,Nxt,2017-12-13T00:00:00.000Z,0.5768
NXT,Nxt,2017-12-14T00:00:00.000Z,0.5857
NXT,Nxt,2017-12-15T00:00:00.000Z,0.5744
NXT,Nxt,2017-12-16T00:00:00.000Z,0.5774
NXT,Nxt,2017-12-17T00:00:00.000Z,0.6958000000000001
NXT,Nxt,2017-12-18T00:00:00.000Z,0.8257
NXT,Nxt,2017-12-19T00:00:00.000Z,0.7998000000000001
NXT,Nxt,2017-12-20T00:00:00.000Z,0.9836
NXT,Nxt,2017-12-21T00:00:00.000Z,1.01
NXT,Nxt,2017-12-22T00:00:00.000Z,1.06
NXT,Nxt,2017-12-23T00:00:00.000Z,1.58
NXT,Nxt,2017-12-24T00:00:00.000Z,1.51
NXT,Nxt,2017-12-25T00:00:00.000Z,1.43
NXT,Nxt,2017-12-26T00:00:00.000Z,1.26
NXT,Nxt,2017-12-27T00:00:00.000Z,1.08
NXT,Nxt,2017-12-28T00:00:00.000Z,0.6337
NXT,Nxt,2017-12-29T00:00:00.000Z,0.5034000000000001
NXT,Nxt,2017-12-30T00:00:00.000Z,0.45380000000000004
NXT,Nxt,2017-12-31T00:00:00.000Z,0.5931000000000001
NXT,Nxt,2018-01-01T00:00:00.000Z,0.5339
NXT,Nxt,2018-01-02T00:00:00.000Z,0.5148
NXT,Nxt,2018-01-03T00:00:00.000Z,0.532
NXT,Nxt,2018-01-04T00:00:00.000Z,0.4907
NXT,Nxt,2018-01-05T00:00:00.000Z,0.4302
NXT,Nxt,2018-01-06T00:00:00.000Z,0.45640000000000003
NXT,Nxt,2018-01-07T00:00:00.000Z,0.4514
NXT,Nxt,2018-01-08T00:00:00.000Z,0.40490000000000004
NXT,Nxt,2018-01-09T00:00:00.000Z,0.3995
NXT,Nxt,2018-01-10T00:00:00.000Z,0.37420000000000003
NXT,Nxt,2018-01-11T00:00:00.000Z,0.32430000000000003
NXT,Nxt,2018-01-12T00:00:00.000Z,0.37620000000000003
NXT,Nxt,2018-01-13T00:00:00.000Z,0.3715
NXT,Nxt,2018-01-14T00:00:00.000Z,0.3487
NXT,Nxt,2018-01-15T00:00:00.000Z,0.3383
NXT,Nxt,2018-01-16T00:00:00.000Z,0.2338
NXT,Nxt,2018-01-17T00:00:00.000Z,0.2569
NXT,Nxt,2018-01-18T00:00:00.000Z,0.25880000000000003
NXT,Nxt,2018-01-19T00:00:00.000Z,0.2652
NXT,Nxt,2018-01-20T00:00:00.000Z,0.2901
NXT,Nxt,2018-01-21T00:00:00.000Z,0.2472
NXT,Nxt,2018-01-22T00:00:00.000Z,0.3133
NXT,Nxt,2018-01-23T00:00:00.000Z,0.2743
NXT,Nxt,2018-01-24T00:00:00.000Z,0.2853
NXT,Nxt,2018-01-25T00:00:00.000Z,0.264
NXT,Nxt,2018-01-26T00:00:00.000Z,0.25370000000000004
NXT,Nxt,2018-01-27T00:00:00.000Z,0.2635
NXT,Nxt,2018-01-28T00:00:00.000Z,0.26880000000000004
NXT,Nxt,2018-01-29T00:00:00.000Z,0.27890000000000004
NXT,Nxt,2018-01-30T00:00:00.000Z,0.2262
NXT,Nxt,2018-01-31T00:00:00.000Z,0.22740000000000002
NXT,Nxt,2018-02-01T00:00:00.000Z,0.1842
NXT,Nxt,2018-02-02T00:00:00.000Z,0.1781
NXT,Nxt,2018-02-03T00:00:00.000Z,0.18610000000000002
NXT,Nxt,2018-02-04T00:00:00.000Z,0.1578
NXT,Nxt,2018-02-05T00:00:00.000Z,0.1218
NXT,Nxt,2018-02-06T00:00:00.000Z,0.13770000000000002
NXT,Nxt,2018-02-07T00:00:00.000Z,0.1316
NXT,Nxt,2018-02-08T00:00:00.000Z,0.145
NXT,Nxt,2018-02-09T00:00:00.000Z,0.1637
NXT,Nxt,2018-02-10T00:00:00.000Z,0.158
NXT,Nxt,2018-02-11T00:00:00.000Z,0.1463
NXT,Nxt,2018-02-12T00:00:00.000Z,0.1579
ETC,Ethereum Classic,2017-08-10T00:00:00.000Z,13.04
ETC,Ethereum Classic,2017-08-11T00:00:00.000Z,12.85
ETC,Ethereum Classic,2017-08-12T00:00:00.000Z,12.5
ETC,Ethereum Classic,2017-08-13T00:00:00.000Z,12.08
ETC,Ethereum Classic,2017-08-14T00:00:00.000Z,11.84
ETC,Ethereum Classic,2017-08-15T00:00:00.000Z,11.33
ETC,Ethereum Classic,2017-08-16T00:00:00.000Z,12.08
ETC,Ethereum Classic,2017-08-17T00:00:00.000Z,11.75
ETC,Ethereum Classic,2017-08-18T00:00:00.000Z,11.43
ETC,Ethereum Classic,2017-08-19T00:00:00.000Z,11.62
ETC,Ethereum Classic,2017-08-20T00:00:00.000Z,11.96
ETC,Ethereum Classic,2017-08-21T00:00:00.000Z,12.68
ETC,Ethereum Classic,2017-08-22T00:00:00.000Z,12.4
ETC,Ethereum Classic,2017-08-23T00:00:00.000Z,13.23
ETC,Ethereum Classic,2017-08-24T00:00:00.000Z,13.03
ETC,Ethereum Classic,2017-08-25T00:00:00.000Z,12.91
ETC,Ethereum Classic,2017-08-26T00:00:00.000Z,12.89
ETC,Ethereum Classic,2017-08-27T00:00:00.000Z,13.51
ETC,Ethereum Classic,2017-08-28T00:00:00.000Z,13.16
ETC,Ethereum Classic,2017-08-29T00:00:00.000Z,13.2
ETC,Ethereum Classic,2017-08-30T00:00:00.000Z,13.38
ETC,Ethereum Classic,2017-08-31T00:00:00.000Z,14.18
ETC,Ethereum Classic,2017-09-01T00:00:00.000Z,18.85
ETC,Ethereum Classic,2017-09-02T00:00:00.000Z,16.9
ETC,Ethereum Classic,2017-09-03T00:00:00.000Z,16.55
ETC,Ethereum Classic,2017-09-04T00:00:00.000Z,14.25
ETC,Ethereum Classic,2017-09-05T00:00:00.000Z,14.75
ETC,Ethereum Classic,2017-09-06T00:00:00.000Z,16.3
ETC,Ethereum Classic,2017-09-07T00:00:00.000Z,15.45
ETC,Ethereum Classic,2017-09-08T00:00:00.000Z,14.32
ETC,Ethereum Classic,2017-09-09T00:00:00.000Z,13.65
ETC,Ethereum Classic,2017-09-10T00:00:00.000Z,12.9
ETC,Ethereum Classic,2017-09-11T00:00:00.000Z,12.94
ETC,Ethereum Classic,2017-09-12T00:00:00.000Z,12.6
ETC,Ethereum Classic,2017-09-13T00:00:00.000Z,11.85
ETC,Ethereum Classic,2017-09-14T00:00:00.000Z,8.6
ETC,Ethereum Classic,2017-09-15T00:00:00.000Z,9.85
ETC,Ethereum Classic,2017-09-16T00:00:00.000Z,9.57
ETC,Ethereum Classic,2017-09-17T00:00:00.000Z,9.4
ETC,Ethereum Classic,2017-09-18T00:00:00.000Z,10.25
ETC,Ethereum Classic,2017-09-19T00:00:00.000Z,9.63
ETC,Ethereum Classic,2017-09-20T00:00:00.000Z,9.34
ETC,Ethereum Classic,2017-09-21T00:00:00.000Z,8.66
ETC,Ethereum Classic,2017-09-22T00:00:00.000Z,8.69
ETC,Ethereum Classic,2017-09-23T00:00:00.000Z,8.85
ETC,Ethereum Classic,2017-09-24T00:00:00.000Z,8.88
ETC,Ethereum Classic,2017-09-25T00:00:00.000Z,9.22
ETC,Ethereum Classic,2017-09-26T00:00:00.000Z,9.7
ETC,Ethereum Classic,2017-09-27T00:00:00.000Z,11.0
ETC,Ethereum Classic,2017-09-28T00:00:00.000Z,11.09
ETC,Ethereum Classic,2017-09-29T00:00:00.000Z,10.7
ETC,Ethereum Classic,2017-09-30T00:00:00.000Z,11.08
ETC,Ethereum Classic,2017-10-01T00:00:00.000Z,10.75
ETC,Ethereum Classic,2017-10-02T00:00:00.000Z,10.52
ETC,Ethereum Classic,2017-10-03T00:00:00.000Z,10.41
ETC,Ethereum Classic,2017-10-04T00:00:00.000Z,10.07
ETC,Ethereum Classic,2017-10-05T00:00:00.000Z,10.23
ETC,Ethereum Classic,2017-10-06T00:00:00.000Z,10.44
ETC,Ethereum Classic,2017-10-07T00:00:00.000Z,10.45
ETC,Ethereum Classic,2017-10-08T00:00:00.000Z,10.2
ETC,Ethereum Classic,2017-10-09T00:00:00.000Z,9.66
ETC,Ethereum Classic,2017-10-10T00:00:00.000Z,9.63
ETC,Ethereum Classic,2017-10-11T00:00:00.000Z,9.63
ETC,Ethereum Classic,2017-10-12T00:00:00.000Z,9.81
ETC,Ethereum Classic,2017-10-13T00:00:00.000Z,10.1
ETC,Ethereum Classic,2017-10-14T00:00:00.000Z,10.18
ETC,Ethereum Classic,2017-10-15T00:00:00.000Z,9.96
ETC,Ethereum Classic,2017-10-16T00:00:00.000Z,10.11
ETC,Ethereum Classic,2017-10-17T00:00:00.000Z,10.12
ETC,Ethereum Classic,2017-10-18T00:00:00.000Z,9.7
ETC,Ethereum Classic,2017-10-19T00:00:00.000Z,9.56
ETC,Ethereum Classic,2017-10-20T00:00:00.000Z,9.5
ETC,Ethereum Classic,2017-10-21T00:00:00.000Z,9.5
ETC,Ethereum Classic,2017-10-22T00:00:00.000Z,9.5
ETC,Ethereum Classic,2017-10-23T00:00:00.000Z,9.5
ETC,Ethereum Classic,2017-10-24T00:00:00.000Z,9.5
ETC,Ethereum Classic,2017-10-25T00:00:00.000Z,9.5
ETC,Ethereum Classic,2017-10-26T00:00:00.000Z,9.5
ETC,Ethereum Classic,2017-10-27T00:00:00.000Z,9.5
ETC,Ethereum Classic,2017-10-28T00:00:00.000Z,9.5
ETC,Ethereum Classic,2017-10-29T00:00:00.000Z,9.5
ETC,Ethereum Classic,2017-10-30T00:00:00.000Z,9.23
ETC,Ethereum Classic,2017-10-31T00:00:00.000Z,9.03
ETC,Ethereum Classic,2017-11-01T00:00:00.000Z,8.78
ETC,Ethereum Classic,2017-11-02T00:00:00.000Z,8.41
ETC,Ethereum Classic,2017-11-03T00:00:00.000Z,10.5
ETC,Ethereum Classic,2017-11-04T00:00:00.000Z,10.04
ETC,Ethereum Classic,2017-11-05T00:00:00.000Z,11.4
ETC,Ethereum Classic,2017-11-06T00:00:00.000Z,12.16
ETC,Ethereum Classic,2017-11-07T00:00:00.000Z,11.6
ETC,Ethereum Classic,2017-11-08T00:00:00.000Z,12.09
ETC,Ethereum Classic,2017-11-09T00:00:00.000Z,12.31
ETC,Ethereum Classic,2017-11-10T00:00:00.000Z,12.31
ETC,Ethereum Classic,2017-11-11T00:00:00.000Z,16.16
ETC,Ethereum Classic,2017-11-12T00:00:00.000Z,12.61
ETC,Ethereum Classic,2017-11-13T00:00:00.000Z,13.79
ETC,Ethereum Classic,2017-11-14T00:00:00.000Z,14.99
ETC,Ethereum Classic,2017-11-15T00:00:00.000Z,14.6
ETC,Ethereum Classic,2017-11-16T00:00:00.000Z,14.2
ETC,Ethereum Classic,2017-11-17T00:00:00.000Z,14.5
ETC,Ethereum Classic,2017-11-18T00:00:00.000Z,15.0
ETC,Ethereum Classic,2017-11-19T00:00:00.000Z,15.17
ETC,Ethereum Classic,2017-11-20T00:00:00.000Z,15.43
ETC,Ethereum Classic,2017-11-21T00:00:00.000Z,14.96
ETC,Ethereum Classic,2017-11-22T00:00:00.000Z,15.22
ETC,Ethereum Classic,2017-11-23T00:00:00.000Z,15.36
ETC,Ethereum Classic,2017-11-24T00:00:00.000Z,17.5
ETC,Ethereum Classic,2017-11-25T00:00:00.000Z,17.6
ETC,Ethereum Classic,2017-11-26T00:00:00.000Z,17.66
ETC,Ethereum Classic,2017-11-27T00:00:00.000Z,20.61
ETC,Ethereum Classic,2017-11-28T00:00:00.000Z,26.4
ETC,Ethereum Classic,2017-11-29T00:00:00.000Z,20.31
ETC,Ethereum Classic,2017-11-30T00:00:00.000Z,22.2
ETC,Ethereum Classic,2017-12-01T00:00:00.000Z,24.75
ETC,Ethereum Classic,2017-12-02T00:00:00.000Z,24.24
ETC,Ethereum Classic,2017-12-03T00:00:00.000Z,24.24
ETC,Ethereum Classic,2017-12-04T00:00:00.000Z,24.29
ETC,Ethereum Classic,2017-12-05T00:00:00.000Z,23.8
ETC,Ethereum Classic,2017-12-06T00:00:00.000Z,21.57
ETC,Ethereum Classic,2017-12-07T00:00:00.000Z,19.6
ETC,Ethereum Classic,2017-12-08T00:00:00.000Z,22.81
ETC,Ethereum Classic,2017-12-09T00:00:00.000Z,22.9
ETC,Ethereum Classic,2017-12-10T00:00:00.000Z,20.75
ETC,Ethereum Classic,2017-12-11T00:00:00.000Z,22.0
ETC,Ethereum Classic,2017-12-12T00:00:00.000Z,24.49
ETC,Ethereum Classic,2017-12-13T00:00:00.000Z,24.0
ETC,Ethereum Classic,2017-12-14T00:00:00.000Z,26.2
ETC,Ethereum Classic,2017-12-15T00:00:00.000Z,25.8
ETC,Ethereum Classic,2017-12-16T00:00:00.000Z,28.25
ETC,Ethereum Classic,2017-12-17T00:00:00.000Z,27.99
ETC,Ethereum Classic,2017-12-18T00:00:00.000Z,31.77
ETC,Ethereum Classic,2017-12-19T00:00:00.000Z,32.67
ETC,Ethereum Classic,2017-12-20T00:00:00.000Z,33.2
ETC,Ethereum Classic,2017-12-21T00:00:00.000Z,30.09
ETC,Ethereum Classic,2017-12-22T00:00:00.000Z,23.9
ETC,Ethereum Classic,2017-12-23T00:00:00.000Z,25.6
ETC,Ethereum Classic,2017-12-24T00:00:00.000Z,24.44
ETC,Ethereum Classic,2017-12-25T00:00:00.000Z,24.5
ETC,Ethereum Classic,2017-12-26T00:00:00.000Z,25.0
ETC,Ethereum Classic,2017-12-27T00:00:00.000Z,24.45
ETC,Ethereum Classic,2017-12-28T00:00:00.000Z,23.0
ETC,Ethereum Classic,2017-12-29T00:00:00.000Z,23.8
ETC,Ethereum Classic,2017-12-30T00:00:00.000Z,20.71
ETC,Ethereum Classic,2017-12-31T00:00:00.000Z,23.2
ETC,Ethereum Classic,2018-01-01T00:00:00.000Z,24.86
ETC,Ethereum Classic,2018-01-02T00:00:00.000Z,26.9
ETC,Ethereum Classic,2018-01-03T00:00:00.000Z,27.86
ETC,Ethereum Classic,2018-01-04T00:00:00.000Z,29.3
ETC,Ethereum Classic,2018-01-05T00:00:00.000Z,26.21
ETC,Ethereum Classic,2018-01-06T00:00:00.000Z,28.3
ETC,Ethereum Classic,2018-01-07T00:00:00.000Z,28.77
ETC,Ethereum Classic,2018-01-08T00:00:00.000Z,28.43
ETC,Ethereum Classic,2018-01-09T00:00:00.000Z,31.71
ETC,Ethereum Classic,2018-01-10T00:00:00.000Z,30.2
ETC,Ethereum Classic,2018-01-11T00:00:00.000Z,28.0
ETC,Ethereum Classic,2018-01-12T00:00:00.000Z,28.0
ETC,Ethereum Classic,2018-01-13T00:00:00.000Z,28.0
ETC,Ethereum Classic,2018-01-14T00:00:00.000Z,28.0
ETC,Ethereum Classic,2018-01-15T00:00:00.000Z,32.84
ETC,Ethereum Classic,2018-01-16T00:00:00.000Z,23.48
ETC,Ethereum Classic,2018-01-17T00:00:00.000Z,24.16
ETC,Ethereum Classic,2018-01-18T00:00:00.000Z,25.05
ETC,Ethereum Classic,2018-01-19T00:00:00.000Z,26.41
ETC,Ethereum Classic,2018-01-20T00:00:00.000Z,28.78
ETC,Ethereum Classic,2018-01-21T00:00:00.000Z,25.13
ETC,Ethereum Classic,2018-01-22T00:00:00.000Z,23.91
ETC,Ethereum Classic,2018-01-23T00:00:00.000Z,23.0
ETC,Ethereum Classic,2018-01-24T00:00:00.000Z,24.11
ETC,Ethereum Classic,2018-01-25T00:00:00.000Z,23.4
ETC,Ethereum Classic,2018-01-26T00:00:00.000Z,23.12
ETC,Ethereum Classic,2018-01-27T00:00:00.000Z,23.76
ETC,Ethereum Classic,2018-01-28T00:00:00.000Z,25.75
ETC,Ethereum Classic,2018-01-29T00:00:00.000Z,25.18
ETC,Ethereum Classic,2018-01-30T00:00:00.000Z,21.61
ETC,Ethereum Classic,2018-01-31T00:00:00.000Z,22.81
ETC,Ethereum Classic,2018-02-01T00:00:00.000Z,19.54
ETC,Ethereum Classic,2018-02-02T00:00:00.000Z,18.53
ETC,Ethereum Classic,2018-02-03T00:00:00.000Z,19.56
ETC,Ethereum Classic,2018-02-04T00:00:00.000Z,16.58
ETC,Ethereum Classic,2018-02-05T00:00:00.000Z,13.01
ETC,Ethereum Classic,2018-02-06T00:00:00.000Z,15.5
ETC,Ethereum Classic,2018-02-07T00:00:00.000Z,14.64
ETC,Ethereum Classic,2018-02-08T00:00:00.000Z,17.76
ETC,Ethereum Classic,2018-02-09T00:00:00.000Z,21.08
ETC,Ethereum Classic,2018-02-10T00:00:00.000Z,19.74
ETC,Ethereum Classic,2018-02-11T00:00:00.000Z,19.41
ETC,Ethereum Classic,2018-02-12T00:00:00.000Z,23.21
DOGE,Dogecoin,2017-08-10T00:00:00.000Z,0.001604
DOGE,Dogecoin,2017-08-11T00:00:00.000Z,0.0015869999999999999
DOGE,Dogecoin,2017-08-12T00:00:00.000Z,0.0015459999999999998
DOGE,Dogecoin,2017-08-13T00:00:00.000Z,0.001522
DOGE,Dogecoin,2017-08-14T00:00:00.000Z,0.001509
DOGE,Dogecoin,2017-08-15T00:00:00.000Z,0.0014900000000000002
DOGE,Dogecoin,2017-08-16T00:00:00.000Z,0.001493
DOGE,Dogecoin,2017-08-17T00:00:00.000Z,0.0014219999999999999
DOGE,Dogecoin,2017-08-18T00:00:00.000Z,0.0014119999999999998
DOGE,Dogecoin,2017-08-19T00:00:00.000Z,0.0014219999999999999
DOGE,Dogecoin,2017-08-20T00:00:00.000Z,0.001464
DOGE,Dogecoin,2017-08-21T00:00:00.000Z,0.001431
DOGE,Dogecoin,2017-08-22T00:00:00.000Z,0.0014349999999999999
DOGE,Dogecoin,2017-08-23T00:00:00.000Z,0.001488
DOGE,Dogecoin,2017-08-24T00:00:00.000Z,0.0015119999999999999
DOGE,Dogecoin,2017-08-25T00:00:00.000Z,0.001473
DOGE,Dogecoin,2017-08-26T00:00:00.000Z,0.0015019999999999999
DOGE,Dogecoin,2017-08-27T00:00:00.000Z,0.0014939999999999999
DOGE,Dogecoin,2017-08-28T00:00:00.000Z,0.0015049999999999998
DOGE,Dogecoin,2017-08-29T00:00:00.000Z,0.001566
DOGE,Dogecoin,2017-08-30T00:00:00.000Z,0.001766
DOGE,Dogecoin,2017-08-31T00:00:00.000Z,0.001753
DOGE,Dogecoin,2017-09-01T00:00:00.000Z,0.002156
DOGE,Dogecoin,2017-09-02T00:00:00.000Z,0.001869
DOGE,Dogecoin,2017-09-03T00:00:00.000Z,0.0018839999999999998
DOGE,Dogecoin,2017-09-04T00:00:00.000Z,0.001616
DOGE,Dogecoin,2017-09-05T00:00:00.000Z,0.0017389999999999999
DOGE,Dogecoin,2017-09-06T00:00:00.000Z,0.0017209999999999999
DOGE,Dogecoin,2017-09-07T00:00:00.000Z,0.00167
DOGE,Dogecoin,2017-09-08T00:00:00.000Z,0.0015019999999999999
DOGE,Dogecoin,2017-09-09T00:00:00.000Z,0.001418
DOGE,Dogecoin,2017-09-10T00:00:00.000Z,0.0012879999999999999
DOGE,Dogecoin,2017-09-11T00:00:00.000Z,0.001276
DOGE,Dogecoin,2017-09-12T00:00:00.000Z,0.0012569999999999999
DOGE,Dogecoin,2017-09-13T00:00:00.000Z,0.00117
DOGE,Dogecoin,2017-09-14T00:00:00.000Z,0.0007934
DOGE,Dogecoin,2017-09-15T00:00:00.000Z,0.0008209
DOGE,Dogecoin,2017-09-16T00:00:00.000Z,0.0007815
DOGE,Dogecoin,2017-09-17T00:00:00.000Z,0.0007469999999999999
DOGE,Dogecoin,2017-09-18T00:00:00.000Z,0.0007945
DOGE,Dogecoin,2017-09-19T00:00:00.000Z,0.0007203
DOGE,Dogecoin,2017-09-20T00:00:00.000Z,0.0007180999999999999
DOGE,Dogecoin,2017-09-21T00:00:00.000Z,0.0006092
DOGE,Dogecoin,2017-09-22T00:00:00.000Z,0.0006721
DOGE,Dogecoin,2017-09-23T00:00:00.000Z,0.0007955999999999999
DOGE,Dogecoin,2017-09-24T00:00:00.000Z,0.0007423
DOGE,Dogecoin,2017-09-25T00:00:00.000Z,0.0009616999999999999
DOGE,Dogecoin,2017-09-26T00:00:00.000Z,0.0009853
DOGE,Dogecoin,2017-09-27T00:00:00.000Z,0.0009998
DOGE,Dogecoin,2017-09-28T00:00:00.000Z,0.0009222
DOGE,Dogecoin,2017-09-29T00:00:00.000Z,0.0009145
DOGE,Dogecoin,2017-09-30T00:00:00.000Z,0.0009534
DOGE,Dogecoin,2017-10-01T00:00:00.000Z,0.0008874
DOGE,Dogecoin,2017-10-02T00:00:00.000Z,0.0008985
DOGE,Dogecoin,2017-10-03T00:00:00.000Z,0.0008828
DOGE,Dogecoin,2017-10-04T00:00:00.000Z,0.0008642
DOGE,Dogecoin,2017-10-05T00:00:00.000Z,0.0008837
DOGE,Dogecoin,2017-10-06T00:00:00.000Z,0.0008527999999999999
DOGE,Dogecoin,2017-10-07T00:00:00.000Z,0.0009042
DOGE,Dogecoin,2017-10-08T00:00:00.000Z,0.0008545
DOGE,Dogecoin,2017-10-09T00:00:00.000Z,0.0008093
DOGE,Dogecoin,2017-10-10T00:00:00.000Z,0.0008045
DOGE,Dogecoin,2017-10-11T00:00:00.000Z,0.0008935999999999999
DOGE,Dogecoin,2017-10-12T00:00:00.000Z,0.0009092999999999999
DOGE,Dogecoin,2017-10-13T00:00:00.000Z,0.0008543
DOGE,Dogecoin,2017-10-14T00:00:00.000Z,0.000928
DOGE,Dogecoin,2017-10-15T00:00:00.000Z,0.0009082999999999999
DOGE,Dogecoin,2017-10-16T00:00:00.000Z,0.0009718
DOGE,Dogecoin,2017-10-17T00:00:00.000Z,0.0009040999999999999
DOGE,Dogecoin,2017-10-18T00:00:00.000Z,0.0008558
DOGE,Dogecoin,2017-10-19T00:00:00.000Z,0.0008656
DOGE,Dogecoin,2017-10-20T00:00:00.000Z,0.0008612
DOGE,Dogecoin,2017-10-21T00:00:00.000Z,0.0008204
DOGE,Dogecoin,2017-10-22T00:00:00.000Z,0.0008671
DOGE,Dogecoin,2017-10-23T00:00:00.000Z,0.0008510999999999999
DOGE,Dogecoin,2017-10-24T00:00:00.000Z,0.0009507999999999999
DOGE,Dogecoin,2017-10-25T00:00:00.000Z,0.0008811
DOGE,Dogecoin,2017-10-26T00:00:00.000Z,0.0009128
DOGE,Dogecoin,2017-10-27T00:00:00.000Z,0.0009008
DOGE,Dogecoin,2017-10-28T00:00:00.000Z,0.0008458
DOGE,Dogecoin,2017-10-29T00:00:00.000Z,0.001055
DOGE,Dogecoin,2017-10-30T00:00:00.000Z,0.0009519999999999999
DOGE,Dogecoin,2017-10-31T00:00:00.000Z,0.0009419
DOGE,Dogecoin,2017-11-01T00:00:00.000Z,0.0009981
DOGE,Dogecoin,2017-11-02T00:00:00.000Z,0.0009724
DOGE,Dogecoin,2017-11-03T00:00:00.000Z,0.0009373
DOGE,Dogecoin,2017-11-04T00:00:00.000Z,0.0009576
DOGE,Dogecoin,2017-11-05T00:00:00.000Z,0.001027
DOGE,Dogecoin,2017-11-06T00:00:00.000Z,0.0009676999999999999
DOGE,Dogecoin,2017-11-07T00:00:00.000Z,0.0009885999999999999
DOGE,Dogecoin,2017-11-08T00:00:00.000Z,0.001037
DOGE,Dogecoin,2017-11-09T00:00:00.000Z,0.001238
DOGE,Dogecoin,2017-11-10T00:00:00.000Z,0.0009708999999999999
DOGE,Dogecoin,2017-11-11T00:00:00.000Z,0.0010429999999999999
DOGE,Dogecoin,2017-11-12T00:00:00.000Z,0.0008635
DOGE,Dogecoin,2017-11-13T00:00:00.000Z,0.001076
DOGE,Dogecoin,2017-11-14T00:00:00.000Z,0.001022
DOGE,Dogecoin,2017-11-15T00:00:00.000Z,0.001126
DOGE,Dogecoin,2017-11-16T00:00:00.000Z,0.001196
DOGE,Dogecoin,2017-11-17T00:00:00.000Z,0.0011149999999999999
DOGE,Dogecoin,2017-11-18T00:00:00.000Z,0.001122
DOGE,Dogecoin,2017-11-19T00:00:00.000Z,0.0010869999999999999
DOGE,Dogecoin,2017-11-20T00:00:00.000Z,0.00119
DOGE,Dogecoin,2017-11-21T00:00:00.000Z,0.001109
DOGE,Dogecoin,2017-11-22T00:00:00.000Z,0.001542
DOGE,Dogecoin,2017-11-23T00:00:00.000Z,0.001635
DOGE,Dogecoin,2017-11-24T00:00:00.000Z,0.001589
DOGE,Dogecoin,2017-11-25T00:00:00.000Z,0.001746
DOGE,Dogecoin,2017-11-26T00:00:00.000Z,0.001617
DOGE,Dogecoin,2017-11-27T00:00:00.000Z,0.001702
DOGE,Dogecoin,2017-11-28T00:00:00.000Z,0.001995
DOGE,Dogecoin,2017-11-29T00:00:00.000Z,0.001772
DOGE,Dogecoin,2017-11-30T00:00:00.000Z,0.001798
DOGE,Dogecoin,2017-12-01T00:00:00.000Z,0.0018349999999999998
DOGE,Dogecoin,2017-12-02T00:00:00.000Z,0.00185
DOGE,Dogecoin,2017-12-03T00:00:00.000Z,0.001903
DOGE,Dogecoin,2017-12-04T00:00:00.000Z,0.002049
DOGE,Dogecoin,2017-12-05T00:00:00.000Z,0.002088
DOGE,Dogecoin,2017-12-06T00:00:00.000Z,0.002241
DOGE,Dogecoin,2017-12-07T00:00:00.000Z,0.002407
DOGE,Dogecoin,2017-12-08T00:00:00.000Z,0.002296
DOGE,Dogecoin,2017-12-09T00:00:00.000Z,0.002286
DOGE,Dogecoin,2017-12-10T00:00:00.000Z,0.0020269999999999997
DOGE,Dogecoin,2017-12-11T00:00:00.000Z,0.002218
DOGE,Dogecoin,2017-12-12T00:00:00.000Z,0.0026969999999999997
DOGE,Dogecoin,2017-12-13T00:00:00.000Z,0.0028669999999999998
DOGE,Dogecoin,2017-12-14T00:00:00.000Z,0.0030429999999999997
DOGE,Dogecoin,2017-12-15T00:00:00.000Z,0.002976
DOGE,Dogecoin,2017-12-16T00:00:00.000Z,0.004913
DOGE,Dogecoin,2017-12-17T00:00:00.000Z,0.004958
DOGE,Dogecoin,2017-12-18T00:00:00.000Z,0.005278
DOGE,Dogecoin,2017-12-19T00:00:00.000Z,0.004798
DOGE,Dogecoin,2017-12-20T00:00:00.000Z,0.005724
DOGE,Dogecoin,2017-12-21T00:00:00.000Z,0.006114
DOGE,Dogecoin,2017-12-22T00:00:00.000Z,0.005103
DOGE,Dogecoin,2017-12-23T00:00:00.000Z,0.006252
DOGE,Dogecoin,2017-12-24T00:00:00.000Z,0.007251
DOGE,Dogecoin,2017-12-25T00:00:00.000Z,0.00751
DOGE,Dogecoin,2017-12-26T00:00:00.000Z,0.007823
DOGE,Dogecoin,2017-12-27T00:00:00.000Z,0.007329
DOGE,Dogecoin,2017-12-28T00:00:00.000Z,0.0069900000000000006
DOGE,Dogecoin,2017-12-29T00:00:00.000Z,0.007961
DOGE,Dogecoin,2017-12-30T00:00:00.000Z,0.006606
DOGE,Dogecoin,2017-12-31T00:00:00.000Z,0.007703
DOGE,Dogecoin,2018-01-01T00:00:00.000Z,0.007404
DOGE,Dogecoin,2018-01-02T00:00:00.000Z,0.007515
DOGE,Dogecoin,2018-01-03T00:00:00.000Z,0.0077989999999999995
DOGE,Dogecoin,2018-01-04T00:00:00.000Z,0.008017
DOGE,Dogecoin,2018-01-05T00:00:00.000Z,0.0105
DOGE,Dogecoin,2018-01-06T00:00:00.000Z,0.012190000000000001
DOGE,Dogecoin,2018-01-07T00:00:00.000Z,0.01403
DOGE,Dogecoin,2018-01-08T00:00:00.000Z,0.012490000000000001
DOGE,Dogecoin,2018-01-09T00:00:00.000Z,0.011030000000000002
DOGE,Dogecoin,2018-01-10T00:00:00.000Z,0.010690000000000002
DOGE,Dogecoin,2018-01-11T00:00:00.000Z,0.009250000000000001
DOGE,Dogecoin,2018-01-12T00:00:00.000Z,0.01046
DOGE,Dogecoin,2018-01-13T00:00:00.000Z,0.010150000000000001
DOGE,Dogecoin,2018-01-14T00:00:00.000Z,0.009492
DOGE,Dogecoin,2018-01-15T00:00:00.000Z,0.008059
DOGE,Dogecoin,2018-01-16T00:00:00.000Z,0.005490999999999999
DOGE,Dogecoin,2018-01-17T00:00:00.000Z,0.006260000000000001
DOGE,Dogecoin,2018-01-18T00:00:00.000Z,0.006435
DOGE,Dogecoin,2018-01-19T00:00:00.000Z,0.0064979999999999994
DOGE,Dogecoin,2018-01-20T00:00:00.000Z,0.00685
DOGE,Dogecoin,2018-01-21T00:00:00.000Z,0.005809
DOGE,Dogecoin,2018-01-22T00:00:00.000Z,0.0054989999999999995
DOGE,Dogecoin,2018-01-23T00:00:00.000Z,0.005391
DOGE,Dogecoin,2018-01-24T00:00:00.000Z,0.005816
DOGE,Dogecoin,2018-01-25T00:00:00.000Z,0.006128
DOGE,Dogecoin,2018-01-26T00:00:00.000Z,0.005835
DOGE,Dogecoin,2018-01-27T00:00:00.000Z,0.005974
DOGE,Dogecoin,2018-01-28T00:00:00.000Z,0.006017
DOGE,Dogecoin,2018-01-29T00:00:00.000Z,0.005599
DOGE,Dogecoin,2018-01-30T00:00:00.000Z,0.004778
DOGE,Dogecoin,2018-01-31T00:00:00.000Z,0.004729
DOGE,Dogecoin,2018-02-01T00:00:00.000Z,0.003877
DOGE,Dogecoin,2018-02-02T00:00:00.000Z,0.0036200000000000004
DOGE,Dogecoin,2018-02-03T00:00:00.000Z,0.004158
DOGE,Dogecoin,2018-02-04T00:00:00.000Z,0.0034679999999999997
DOGE,Dogecoin,2018-02-05T00:00:00.000Z,0.0027400000000000002
DOGE,Dogecoin,2018-02-06T00:00:00.000Z,0.003476
DOGE,Dogecoin,2018-02-07T00:00:00.000Z,0.003459
DOGE,Dogecoin,2018-02-08T00:00:00.000Z,0.0036479999999999998
DOGE,Dogecoin,2018-02-09T00:00:00.000Z,0.004038
DOGE,Dogecoin,2018-02-10T00:00:00.000Z,0.004063
DOGE,Dogecoin,2018-02-11T00:00:00.000Z,0.004030000000000001
DOGE,Dogecoin,2018-02-12T00:00:00.000Z,0.004351
ZEC,ZCash,2017-08-10T00:00:00.000Z,201.0
ZEC,ZCash,2017-08-11T00:00:00.000Z,200.01
ZEC,ZCash,2017-08-12T00:00:00.000Z,194.0
ZEC,ZCash,2017-08-13T00:00:00.000Z,185.29
ZEC,ZCash,2017-08-14T00:00:00.000Z,180.19
ZEC,ZCash,2017-08-15T00:00:00.000Z,180.01
ZEC,ZCash,2017-08-16T00:00:00.000Z,186.1
ZEC,ZCash,2017-08-17T00:00:00.000Z,179.07
ZEC,ZCash,2017-08-18T00:00:00.000Z,174.0
ZEC,ZCash,2017-08-19T00:00:00.000Z,198.47
ZEC,ZCash,2017-08-20T00:00:00.000Z,209.78
ZEC,ZCash,2017-08-21T00:00:00.000Z,207.44
ZEC,ZCash,2017-08-22T00:00:00.000Z,194.87
ZEC,ZCash,2017-08-23T00:00:00.000Z,196.88
ZEC,ZCash,2017-08-24T00:00:00.000Z,195.37
ZEC,ZCash,2017-08-25T00:00:00.000Z,201.25
ZEC,ZCash,2017-08-26T00:00:00.000Z,244.81
ZEC,ZCash,2017-08-27T00:00:00.000Z,231.93
ZEC,ZCash,2017-08-28T00:00:00.000Z,237.84
ZEC,ZCash,2017-08-29T00:00:00.000Z,228.02
ZEC,ZCash,2017-08-30T00:00:00.000Z,232.53
ZEC,ZCash,2017-08-31T00:00:00.000Z,244.15
ZEC,ZCash,2017-09-01T00:00:00.000Z,259.42
ZEC,ZCash,2017-09-02T00:00:00.000Z,214.82
ZEC,ZCash,2017-09-03T00:00:00.000Z,224.65
ZEC,ZCash,2017-09-04T00:00:00.000Z,195.41
ZEC,ZCash,2017-09-05T00:00:00.000Z,201.5
ZEC,ZCash,2017-09-06T00:00:00.000Z,211.95
ZEC,ZCash,2017-09-07T00:00:00.000Z,208.02
ZEC,ZCash,2017-09-08T00:00:00.000Z,189.59
ZEC,ZCash,2017-09-09T00:00:00.000Z,183.82
ZEC,ZCash,2017-09-10T00:00:00.000Z,182.52
ZEC,ZCash,2017-09-11T00:00:00.000Z,181.0
ZEC,ZCash,2017-09-12T00:00:00.000Z,176.28
ZEC,ZCash,2017-09-13T00:00:00.000Z,167.94
ZEC,ZCash,2017-09-14T00:00:00.000Z,139.19
ZEC,ZCash,2017-09-15T00:00:00.000Z,162.82
ZEC,ZCash,2017-09-16T00:00:00.000Z,151.33
ZEC,ZCash,2017-09-17T00:00:00.000Z,150.49
ZEC,ZCash,2017-09-18T00:00:00.000Z,165.85
ZEC,ZCash,2017-09-19T00:00:00.000Z,157.39
ZEC,ZCash,2017-09-20T00:00:00.000Z,158.35
ZEC,ZCash,2017-09-21T00:00:00.000Z,148.92
ZEC,ZCash,2017-09-22T00:00:00.000Z,167.22
ZEC,ZCash,2017-09-23T00:00:00.000Z,172.24
ZEC,ZCash,2017-09-24T00:00:00.000Z,168.89
ZEC,ZCash,2017-09-25T00:00:00.000Z,194.5
ZEC,ZCash,2017-09-26T00:00:00.000Z,194.44
ZEC,ZCash,2017-09-27T00:00:00.000Z,240.68
ZEC,ZCash,2017-09-28T00:00:00.000Z,263.46
ZEC,ZCash,2017-09-29T00:00:00.000Z,245.95
ZEC,ZCash,2017-09-30T00:00:00.000Z,234.41
ZEC,ZCash,2017-10-01T00:00:00.000Z,225.17
ZEC,ZCash,2017-10-02T00:00:00.000Z,217.74
ZEC,ZCash,2017-10-03T00:00:00.000Z,214.78
ZEC,ZCash,2017-10-04T00:00:00.000Z,203.32
ZEC,ZCash,2017-10-05T00:00:00.000Z,219.27
ZEC,ZCash,2017-10-06T00:00:00.000Z,222.34
ZEC,ZCash,2017-10-07T00:00:00.000Z,216.11
ZEC,ZCash,2017-10-08T00:00:00.000Z,204.11
ZEC,ZCash,2017-10-09T00:00:00.000Z,194.17
ZEC,ZCash,2017-10-10T00:00:00.000Z,198.1
ZEC,ZCash,2017-10-11T00:00:00.000Z,198.72
ZEC,ZCash,2017-10-12T00:00:00.000Z,189.85
ZEC,ZCash,2017-10-13T00:00:00.000Z,202.07
ZEC,ZCash,2017-10-14T00:00:00.000Z,200.62
ZEC,ZCash,2017-10-15T00:00:00.000Z,196.03
ZEC,ZCash,2017-10-16T00:00:00.000Z,195.32
ZEC,ZCash,2017-10-17T00:00:00.000Z,195.42
ZEC,ZCash,2017-10-18T00:00:00.000Z,194.84
ZEC,ZCash,2017-10-19T00:00:00.000Z,193.99
ZEC,ZCash,2017-10-20T00:00:00.000Z,188.34
ZEC,ZCash,2017-10-21T00:00:00.000Z,183.5
ZEC,ZCash,2017-10-22T00:00:00.000Z,182.42
ZEC,ZCash,2017-10-23T00:00:00.000Z,172.57
ZEC,ZCash,2017-10-24T00:00:00.000Z,187.22
ZEC,ZCash,2017-10-25T00:00:00.000Z,183.94
ZEC,ZCash,2017-10-26T00:00:00.000Z,197.37
ZEC,ZCash,2017-10-27T00:00:00.000Z,206.12
ZEC,ZCash,2017-10-28T00:00:00.000Z,197.16
ZEC,ZCash,2017-10-29T00:00:00.000Z,200.23
ZEC,ZCash,2017-10-30T00:00:00.000Z,201.76
ZEC,ZCash,2017-10-31T00:00:00.000Z,194.31
ZEC,ZCash,2017-11-01T00:00:00.000Z,193.23
ZEC,ZCash,2017-11-02T00:00:00.000Z,186.31
ZEC,ZCash,2017-11-03T00:00:00.000Z,197.23
ZEC,ZCash,2017-11-04T00:00:00.000Z,194.28
ZEC,ZCash,2017-11-05T00:00:00.000Z,193.29
ZEC,ZCash,2017-11-06T00:00:00.000Z,194.58
ZEC,ZCash,2017-11-07T00:00:00.000Z,205.77
ZEC,ZCash,2017-11-08T00:00:00.000Z,215.01
ZEC,ZCash,2017-11-09T00:00:00.000Z,227.36
ZEC,ZCash,2017-11-10T00:00:00.000Z,215.33
ZEC,ZCash,2017-11-11T00:00:00.000Z,225.3
ZEC,ZCash,2017-11-12T00:00:00.000Z,235.0
ZEC,ZCash,2017-11-13T00:00:00.000Z,236.33
ZEC,ZCash,2017-11-14T00:00:00.000Z,235.43
ZEC,ZCash,2017-11-15T00:00:00.000Z,243.57
ZEC,ZCash,2017-11-16T00:00:00.000Z,245.07
ZEC,ZCash,2017-11-17T00:00:00.000Z,248.15
ZEC,ZCash,2017-11-18T00:00:00.000Z,252.29
ZEC,ZCash,2017-11-19T00:00:00.000Z,252.63
ZEC,ZCash,2017-11-20T00:00:00.000Z,250.37
ZEC,ZCash,2017-11-21T00:00:00.000Z,247.62
ZEC,ZCash,2017-11-22T00:00:00.000Z,268.93
ZEC,ZCash,2017-11-23T00:00:00.000Z,269.65
ZEC,ZCash,2017-11-24T00:00:00.000Z,289.11
ZEC,ZCash,2017-11-25T00:00:00.000Z,286.86
ZEC,ZCash,2017-11-26T00:00:00.000Z,274.42
ZEC,ZCash,2017-11-27T00:00:00.000Z,285.12
ZEC,ZCash,2017-11-28T00:00:00.000Z,300.67
ZEC,ZCash,2017-11-29T00:00:00.000Z,258.74
ZEC,ZCash,2017-11-30T00:00:00.000Z,254.96
ZEC,ZCash,2017-12-01T00:00:00.000Z,280.12
ZEC,ZCash,2017-12-02T00:00:00.000Z,274.13
ZEC,ZCash,2017-12-03T00:00:00.000Z,264.96
ZEC,ZCash,2017-12-04T00:00:00.000Z,272.9
ZEC,ZCash,2017-12-05T00:00:00.000Z,270.01
ZEC,ZCash,2017-12-06T00:00:00.000Z,267.41
ZEC,ZCash,2017-12-07T00:00:00.000Z,246.84
ZEC,ZCash,2017-12-08T00:00:00.000Z,270.95
ZEC,ZCash,2017-12-09T00:00:00.000Z,256.29
ZEC,ZCash,2017-12-10T00:00:00.000Z,240.78
ZEC,ZCash,2017-12-11T00:00:00.000Z,257.13
ZEC,ZCash,2017-12-12T00:00:00.000Z,295.19
ZEC,ZCash,2017-12-13T00:00:00.000Z,341.34
ZEC,ZCash,2017-12-14T00:00:00.000Z,416.31
ZEC,ZCash,2017-12-15T00:00:00.000Z,386.7
ZEC,ZCash,2017-12-16T00:00:00.000Z,391.29
ZEC,ZCash,2017-12-17T00:00:00.000Z,432.27
ZEC,ZCash,2017-12-18T00:00:00.000Z,488.12
ZEC,ZCash,2017-12-19T00:00:00.000Z,506.76
ZEC,ZCash,2017-12-20T00:00:00.000Z,566.95
ZEC,ZCash,2017-12-21T00:00:00.000Z,551.33
ZEC,ZCash,2017-12-22T00:00:00.000Z,421.79
ZEC,ZCash,2017-12-23T00:00:00.000Z,454.69
ZEC,ZCash,2017-12-24T00:00:00.000Z,458.33
ZEC,ZCash,2017-12-25T00:00:00.000Z,443.04
ZEC,ZCash,2017-12-26T00:00:00.000Z,458.54
ZEC,ZCash,2017-12-27T00:00:00.000Z,439.2
ZEC,ZCash,2017-12-28T00:00:00.000Z,416.66
ZEC,ZCash,2017-12-29T00:00:00.000Z,441.44
ZEC,ZCash,2017-12-30T00:00:00.000Z,388.49
ZEC,ZCash,2017-12-31T00:00:00.000Z,411.01
ZEC,ZCash,2018-01-01T00:00:00.000Z,457.25
ZEC,ZCash,2018-01-02T00:00:00.000Z,460.19
ZEC,ZCash,2018-01-03T00:00:00.000Z,465.51
ZEC,ZCash,2018-01-04T00:00:00.000Z,462.63
ZEC,ZCash,2018-01-05T00:00:00.000Z,454.72
ZEC,ZCash,2018-01-06T00:00:00.000Z,555.69
ZEC,ZCash,2018-01-07T00:00:00.000Z,618.43
ZEC,ZCash,2018-01-08T00:00:00.000Z,586.22
ZEC,ZCash,2018-01-09T00:00:00.000Z,558.12
ZEC,ZCash,2018-01-10T00:00:00.000Z,597.25
ZEC,ZCash,2018-01-11T00:00:00.000Z,580.88
ZEC,ZCash,2018-01-12T00:00:00.000Z,622.13
ZEC,ZCash,2018-01-13T00:00:00.000Z,614.33
ZEC,ZCash,2018-01-14T00:00:00.000Z,554.2
ZEC,ZCash,2018-01-15T00:00:00.000Z,510.21
ZEC,ZCash,2018-01-16T00:00:00.000Z,425.48
ZEC,ZCash,2018-01-17T00:00:00.000Z,413.31
ZEC,ZCash,2018-01-18T00:00:00.000Z,407.83
ZEC,ZCash,2018-01-19T00:00:00.000Z,439.26
ZEC,ZCash,2018-01-20T00:00:00.000Z,461.24
ZEC,ZCash,2018-01-21T00:00:00.000Z,404.17
ZEC,ZCash,2018-01-22T00:00:00.000Z,364.68
ZEC,ZCash,2018-01-23T00:00:00.000Z,359.38
ZEC,ZCash,2018-01-24T00:00:00.000Z,370.55
ZEC,ZCash,2018-01-25T00:00:00.000Z,380.96
ZEC,ZCash,2018-01-26T00:00:00.000Z,370.41
ZEC,ZCash,2018-01-27T00:00:00.000Z,365.58
ZEC,ZCash,2018-01-28T00:00:00.000Z,377.85
ZEC,ZCash,2018-01-29T00:00:00.000Z,364.09
ZEC,ZCash,2018-01-30T00:00:00.000Z,306.94
ZEC,ZCash,2018-01-31T00:00:00.000Z,318.09
ZEC,ZCash,2018-02-01T00:00:00.000Z,317.01
ZEC,ZCash,2018-02-02T00:00:00.000Z,308.99
ZEC,ZCash,2018-02-03T00:00:00.000Z,314.74
ZEC,ZCash,2018-02-04T00:00:00.000Z,276.04
ZEC,ZCash,2018-02-05T00:00:00.000Z,238.16
ZEC,ZCash,2018-02-06T00:00:00.000Z,296.59
ZEC,ZCash,2018-02-07T00:00:00.000Z,287.46
ZEC,ZCash,2018-02-08T00:00:00.000Z,358.52
ZEC,ZCash,2018-02-09T00:00:00.000Z,387.24
ZEC,ZCash,2018-02-10T00:00:00.000Z,392.38
ZEC,ZCash,2018-02-11T00:00:00.000Z,351.77
ZEC,ZCash,2018-02-12T00:00:00.000Z,375.52
DASH,DigitalCash,2017-08-10T00:00:00.000Z,177.79
DASH,DigitalCash,2017-08-11T00:00:00.000Z,178.0
DASH,DigitalCash,2017-08-12T00:00:00.000Z,175.0
DASH,DigitalCash,2017-08-13T00:00:00.000Z,170.62
DASH,DigitalCash,2017-08-14T00:00:00.000Z,167.7
DASH,DigitalCash,2017-08-15T00:00:00.000Z,174.48
DASH,DigitalCash,2017-08-16T00:00:00.000Z,198.47
DASH,DigitalCash,2017-08-17T00:00:00.000Z,203.0
DASH,DigitalCash,2017-08-18T00:00:00.000Z,193.0
DASH,DigitalCash,2017-08-19T00:00:00.000Z,263.0
DASH,DigitalCash,2017-08-20T00:00:00.000Z,258.97
DASH,DigitalCash,2017-08-21T00:00:00.000Z,238.0
DASH,DigitalCash,2017-08-22T00:00:00.000Z,254.0
DASH,DigitalCash,2017-08-23T00:00:00.000Z,250.29
DASH,DigitalCash,2017-08-24T00:00:00.000Z,266.41
DASH,DigitalCash,2017-08-25T00:00:00.000Z,270.15
DASH,DigitalCash,2017-08-26T00:00:00.000Z,335.8
DASH,DigitalCash,2017-08-27T00:00:00.000Z,305.0
DASH,DigitalCash,2017-08-28T00:00:00.000Z,301.0
DASH,DigitalCash,2017-08-29T00:00:00.000Z,305.24
DASH,DigitalCash,2017-08-30T00:00:00.000Z,310.27
DASH,DigitalCash,2017-08-31T00:00:00.000Z,322.04
DASH,DigitalCash,2017-09-01T00:00:00.000Z,334.45
DASH,DigitalCash,2017-09-02T00:00:00.000Z,303.65
DASH,DigitalCash,2017-09-03T00:00:00.000Z,305.68
DASH,DigitalCash,2017-09-04T00:00:00.000Z,276.51
DASH,DigitalCash,2017-09-05T00:00:00.000Z,285.5
DASH,DigitalCash,2017-09-06T00:00:00.000Z,298.22
DASH,DigitalCash,2017-09-07T00:00:00.000Z,288.8
DASH,DigitalCash,2017-09-08T00:00:00.000Z,281.05
DASH,DigitalCash,2017-09-09T00:00:00.000Z,276.54
DASH,DigitalCash,2017-09-10T00:00:00.000Z,274.23
DASH,DigitalCash,2017-09-11T00:00:00.000Z,267.4
DASH,DigitalCash,2017-09-12T00:00:00.000Z,275.0
DASH,DigitalCash,2017-09-13T00:00:00.000Z,253.05
DASH,DigitalCash,2017-09-14T00:00:00.000Z,204.46
DASH,DigitalCash,2017-09-15T00:00:00.000Z,245.74
DASH,DigitalCash,2017-09-16T00:00:00.000Z,253.83
DASH,DigitalCash,2017-09-17T00:00:00.000Z,266.59
DASH,DigitalCash,2017-09-18T00:00:00.000Z,284.27
DASH,DigitalCash,2017-09-19T00:00:00.000Z,274.0
DASH,DigitalCash,2017-09-20T00:00:00.000Z,285.47
DASH,DigitalCash,2017-09-21T00:00:00.000Z,272.46
DASH,DigitalCash,2017-09-22T00:00:00.000Z,293.1
DASH,DigitalCash,2017-09-23T00:00:00.000Z,295.28
DASH,DigitalCash,2017-09-24T00:00:00.000Z,278.67
DASH,DigitalCash,2017-09-25T00:00:00.000Z,291.37
DASH,DigitalCash,2017-09-26T00:00:00.000Z,288.04
DASH,DigitalCash,2017-09-27T00:00:00.000Z,295.13
DASH,DigitalCash,2017-09-28T00:00:00.000Z,290.34
DASH,DigitalCash,2017-09-29T00:00:00.000Z,277.11
DASH,DigitalCash,2017-09-30T00:00:00.000Z,278.47
DASH,DigitalCash,2017-10-01T00:00:00.000Z,264.64
DASH,DigitalCash,2017-10-02T00:00:00.000Z,262.66
DASH,DigitalCash,2017-10-03T00:00:00.000Z,250.68
DASH,DigitalCash,2017-10-04T00:00:00.000Z,258.38
DASH,DigitalCash,2017-10-05T00:00:00.000Z,263.38
DASH,DigitalCash,2017-10-06T00:00:00.000Z,258.79
DASH,DigitalCash,2017-10-07T00:00:00.000Z,264.77
DASH,DigitalCash,2017-10-08T00:00:00.000Z,253.81
DASH,DigitalCash,2017-10-09T00:00:00.000Z,240.0
DASH,DigitalCash,2017-10-10T00:00:00.000Z,242.46
DASH,DigitalCash,2017-10-11T00:00:00.000Z,251.14
DASH,DigitalCash,2017-10-12T00:00:00.000Z,243.8
DASH,DigitalCash,2017-10-13T00:00:00.000Z,260.0
DASH,DigitalCash,2017-10-14T00:00:00.000Z,265.06
DASH,DigitalCash,2017-10-15T00:00:00.000Z,258.9
DASH,DigitalCash,2017-10-16T00:00:00.000Z,254.93
DASH,DigitalCash,2017-10-17T00:00:00.000Z,255.16
DASH,DigitalCash,2017-10-18T00:00:00.000Z,252.9
DASH,DigitalCash,2017-10-19T00:00:00.000Z,247.44
DASH,DigitalCash,2017-10-20T00:00:00.000Z,252.96
DASH,DigitalCash,2017-10-21T00:00:00.000Z,227.8
DASH,DigitalCash,2017-10-22T00:00:00.000Z,241.92
DASH,DigitalCash,2017-10-23T00:00:00.000Z,228.83
DASH,DigitalCash,2017-10-24T00:00:00.000Z,257.98
DASH,DigitalCash,2017-10-25T00:00:00.000Z,251.85
DASH,DigitalCash,2017-10-26T00:00:00.000Z,251.76
DASH,DigitalCash,2017-10-27T00:00:00.000Z,233.14
DASH,DigitalCash,2017-10-28T00:00:00.000Z,221.86
DASH,DigitalCash,2017-10-29T00:00:00.000Z,231.71
DASH,DigitalCash,2017-10-30T00:00:00.000Z,232.24
DASH,DigitalCash,2017-10-31T00:00:00.000Z,246.59
DASH,DigitalCash,2017-11-01T00:00:00.000Z,242.28
DASH,DigitalCash,2017-11-02T00:00:00.000Z,229.45
DASH,DigitalCash,2017-11-03T00:00:00.000Z,229.82
DASH,DigitalCash,2017-11-04T00:00:00.000Z,241.58
DASH,DigitalCash,2017-11-05T00:00:00.000Z,240.2
DASH,DigitalCash,2017-11-06T00:00:00.000Z,243.0
DASH,DigitalCash,2017-11-07T00:00:00.000Z,239.63
DASH,DigitalCash,2017-11-08T00:00:00.000Z,276.72
DASH,DigitalCash,2017-11-09T00:00:00.000Z,288.05
DASH,DigitalCash,2017-11-10T00:00:00.000Z,286.7
DASH,DigitalCash,2017-11-11T00:00:00.000Z,293.99
DASH,DigitalCash,2017-11-12T00:00:00.000Z,408.67
DASH,DigitalCash,2017-11-13T00:00:00.000Z,376.03
DASH,DigitalCash,2017-11-14T00:00:00.000Z,349.46
DASH,DigitalCash,2017-11-15T00:00:00.000Z,367.03
DASH,DigitalCash,2017-11-16T00:00:00.000Z,354.08
DASH,DigitalCash,2017-11-17T00:00:00.000Z,363.33
DASH,DigitalCash,2017-11-18T00:00:00.000Z,384.54
DASH,DigitalCash,2017-11-19T00:00:00.000Z,371.33
DASH,DigitalCash,2017-11-20T00:00:00.000Z,391.34
DASH,DigitalCash,2017-11-21T00:00:00.000Z,417.79
DASH,DigitalCash,2017-11-22T00:00:00.000Z,492.15
DASH,DigitalCash,2017-11-23T00:00:00.000Z,475.02
DASH,DigitalCash,2017-11-24T00:00:00.000Z,469.21
DASH,DigitalCash,2017-11-25T00:00:00.000Z,529.01
DASH,DigitalCash,2017-11-26T00:00:00.000Z,501.97
DASH,DigitalCash,2017-11-27T00:00:00.000Z,516.43
DASH,DigitalCash,2017-11-28T00:00:00.000Z,508.14
DASH,DigitalCash,2017-11-29T00:00:00.000Z,573.23
DASH,DigitalCash,2017-11-30T00:00:00.000Z,648.39
DASH,DigitalCash,2017-12-01T00:00:00.000Z,664.13
DASH,DigitalCash,2017-12-02T00:00:00.000Z,649.46
DASH,DigitalCash,2017-12-03T00:00:00.000Z,650.94
DASH,DigitalCash,2017-12-04T00:00:00.000Z,642.99
DASH,DigitalCash,2017-12-05T00:00:00.000Z,635.34
DASH,DigitalCash,2017-12-06T00:00:00.000Z,581.75
DASH,DigitalCash,2017-12-07T00:00:00.000Z,574.92
DASH,DigitalCash,2017-12-08T00:00:00.000Z,600.58
DASH,DigitalCash,2017-12-09T00:00:00.000Z,592.19
DASH,DigitalCash,2017-12-10T00:00:00.000Z,564.65
DASH,DigitalCash,2017-12-11T00:00:00.000Z,621.15
DASH,DigitalCash,2017-12-12T00:00:00.000Z,671.7
DASH,DigitalCash,2017-12-13T00:00:00.000Z,704.22
DASH,DigitalCash,2017-12-14T00:00:00.000Z,760.34
DASH,DigitalCash,2017-12-15T00:00:00.000Z,744.94
DASH,DigitalCash,2017-12-16T00:00:00.000Z,818.96
DASH,DigitalCash,2017-12-17T00:00:00.000Z,885.73
DASH,DigitalCash,2017-12-18T00:00:00.000Z,952.69
DASH,DigitalCash,2017-12-19T00:00:00.000Z,984.5
DASH,DigitalCash,2017-12-20T00:00:00.000Z,1308.41
DASH,DigitalCash,2017-12-21T00:00:00.000Z,1100.37
DASH,DigitalCash,2017-12-22T00:00:00.000Z,989.29
DASH,DigitalCash,2017-12-23T00:00:00.000Z,1022.15
DASH,DigitalCash,2017-12-24T00:00:00.000Z,973.25
DASH,DigitalCash,2017-12-25T00:00:00.000Z,956.95
DASH,DigitalCash,2017-12-26T00:00:00.000Z,971.59
DASH,DigitalCash,2017-12-27T00:00:00.000Z,962.91
DASH,DigitalCash,2017-12-28T00:00:00.000Z,936.99
DASH,DigitalCash,2017-12-29T00:00:00.000Z,925.89
DASH,DigitalCash,2017-12-30T00:00:00.000Z,801.5
DASH,DigitalCash,2017-12-31T00:00:00.000Z,879.87
DASH,DigitalCash,2018-01-01T00:00:00.000Z,873.02
DASH,DigitalCash,2018-01-02T00:00:00.000Z,966.0
DASH,DigitalCash,2018-01-03T00:00:00.000Z,943.04
DASH,DigitalCash,2018-01-04T00:00:00.000Z,945.65
DASH,DigitalCash,2018-01-05T00:00:00.000Z,890.94
DASH,DigitalCash,2018-01-06T00:00:00.000Z,958.5
DASH,DigitalCash,2018-01-07T00:00:00.000Z,944.55
DASH,DigitalCash,2018-01-08T00:00:00.000Z,915.5
DASH,DigitalCash,2018-01-09T00:00:00.000Z,913.05
DASH,DigitalCash,2018-01-10T00:00:00.000Z,910.26
DASH,DigitalCash,2018-01-11T00:00:00.000Z,834.26
DASH,DigitalCash,2018-01-12T00:00:00.000Z,887.27
DASH,DigitalCash,2018-01-13T00:00:00.000Z,929.46
DASH,DigitalCash,2018-01-14T00:00:00.000Z,825.0
DASH,DigitalCash,2018-01-15T00:00:00.000Z,760.59
DASH,DigitalCash,2018-01-16T00:00:00.000Z,620.26
DASH,DigitalCash,2018-01-17T00:00:00.000Z,664.01
DASH,DigitalCash,2018-01-18T00:00:00.000Z,689.08
DASH,DigitalCash,2018-01-19T00:00:00.000Z,698.11
DASH,DigitalCash,2018-01-20T00:00:00.000Z,759.69
DASH,DigitalCash,2018-01-21T00:00:00.000Z,675.0
DASH,DigitalCash,2018-01-22T00:00:00.000Z,623.55
DASH,DigitalCash,2018-01-23T00:00:00.000Z,616.19
DASH,DigitalCash,2018-01-24T00:00:00.000Z,637.25
DASH,DigitalCash,2018-01-25T00:00:00.000Z,638.28
DASH,DigitalCash,2018-01-26T00:00:00.000Z,628.07
DASH,DigitalCash,2018-01-27T00:00:00.000Z,611.36
DASH,DigitalCash,2018-01-28T00:00:00.000Z,641.81
DASH,DigitalCash,2018-01-29T00:00:00.000Z,617.94
DASH,DigitalCash,2018-01-30T00:00:00.000Z,542.36
DASH,DigitalCash,2018-01-31T00:00:00.000Z,552.54
DASH,DigitalCash,2018-02-01T00:00:00.000Z,481.49
DASH,DigitalCash,2018-02-02T00:00:00.000Z,473.23
DASH,DigitalCash,2018-02-03T00:00:00.000Z,510.41
DASH,DigitalCash,2018-02-04T00:00:00.000Z,439.31
DASH,DigitalCash,2018-02-05T00:00:00.000Z,355.19
DASH,DigitalCash,2018-02-06T00:00:00.000Z,418.54
DASH,DigitalCash,2018-02-07T00:00:00.000Z,424.6
DASH,DigitalCash,2018-02-08T00:00:00.000Z,487.5
DASH,DigitalCash,2018-02-09T00:00:00.000Z,507.48
DASH,DigitalCash,2018-02-10T00:00:00.000Z,523.96
DASH,DigitalCash,2018-02-11T00:00:00.000Z,461.03
DASH,DigitalCash,2018-02-12T00:00:00.000Z,492.77
NEO,NEO,2017-08-10T00:00:00.000Z,32.37
NEO,NEO,2017-08-11T00:00:00.000Z,29.05
NEO,NEO,2017-08-12T00:00:00.000Z,32.12
NEO,NEO,2017-08-13T00:00:00.000Z,41.41
NEO,NEO,2017-08-14T00:00:00.000Z,41.18
NEO,NEO,2017-08-15T00:00:00.000Z,40.14
NEO,NEO,2017-08-16T00:00:00.000Z,39.15
NEO,NEO,2017-08-17T00:00:00.000Z,34.84
NEO,NEO,2017-08-18T00:00:00.000Z,33.64
NEO,NEO,2017-08-19T00:00:00.000Z,33.97
NEO,NEO,2017-08-20T00:00:00.000Z,32.57
NEO,NEO,2017-08-21T00:00:00.000Z,30.12
NEO,NEO,2017-08-22T00:00:00.000Z,30.56
NEO,NEO,2017-08-23T00:00:00.000Z,34.59
NEO,NEO,2017-08-24T00:00:00.000Z,36.23
NEO,NEO,2017-08-25T00:00:00.000Z,33.99
NEO,NEO,2017-08-26T00:00:00.000Z,32.25
NEO,NEO,2017-08-27T00:00:00.000Z,33.43
NEO,NEO,2017-08-28T00:00:00.000Z,32.37
NEO,NEO,2017-08-29T00:00:00.000Z,27.86
NEO,NEO,2017-08-30T00:00:00.000Z,27.96
NEO,NEO,2017-08-31T00:00:00.000Z,28.23
NEO,NEO,2017-09-01T00:00:00.000Z,26.93
NEO,NEO,2017-09-02T00:00:00.000Z,26.93
NEO,NEO,2017-09-03T00:00:00.000Z,26.09
NEO,NEO,2017-09-04T00:00:00.000Z,19.43
NEO,NEO,2017-09-05T00:00:00.000Z,19.98
NEO,NEO,2017-09-06T00:00:00.000Z,18.04
NEO,NEO,2017-09-07T00:00:00.000Z,26.24
NEO,NEO,2017-09-08T00:00:00.000Z,22.01
NEO,NEO,2017-09-09T00:00:00.000Z,18.89
NEO,NEO,2017-09-10T00:00:00.000Z,20.1
NEO,NEO,2017-09-11T00:00:00.000Z,18.5
NEO,NEO,2017-09-12T00:00:00.000Z,17.45
NEO,NEO,2017-09-13T00:00:00.000Z,16.89
NEO,NEO,2017-09-14T00:00:00.000Z,13.33
NEO,NEO,2017-09-15T00:00:00.000Z,15.83
NEO,NEO,2017-09-16T00:00:00.000Z,17.4
NEO,NEO,2017-09-17T00:00:00.000Z,16.77
NEO,NEO,2017-09-18T00:00:00.000Z,17.82
NEO,NEO,2017-09-19T00:00:00.000Z,16.71
NEO,NEO,2017-09-20T00:00:00.000Z,16.62
NEO,NEO,2017-09-21T00:00:00.000Z,14.68
NEO,NEO,2017-09-22T00:00:00.000Z,15.79
NEO,NEO,2017-09-23T00:00:00.000Z,16.88
NEO,NEO,2017-09-24T00:00:00.000Z,16.57
NEO,NEO,2017-09-25T00:00:00.000Z,21.96
NEO,NEO,2017-09-26T00:00:00.000Z,22.29
NEO,NEO,2017-09-27T00:00:00.000Z,27.03
NEO,NEO,2017-09-28T00:00:00.000Z,25.19
NEO,NEO,2017-09-29T00:00:00.000Z,24.16
NEO,NEO,2017-09-30T00:00:00.000Z,28.85
NEO,NEO,2017-10-01T00:00:00.000Z,30.12
NEO,NEO,2017-10-02T00:00:00.000Z,31.33
NEO,NEO,2017-10-03T00:00:00.000Z,28.72
NEO,NEO,2017-10-04T00:00:00.000Z,26.57
NEO,NEO,2017-10-05T00:00:00.000Z,27.45
NEO,NEO,2017-10-06T00:00:00.000Z,28.47
NEO,NEO,2017-10-07T00:00:00.000Z,30.57
NEO,NEO,2017-10-08T00:00:00.000Z,27.16
NEO,NEO,2017-10-09T00:00:00.000Z,24.73
NEO,NEO,2017-10-10T00:00:00.000Z,24.83
NEO,NEO,2017-10-11T00:00:00.000Z,25.27
NEO,NEO,2017-10-12T00:00:00.000Z,23.47
NEO,NEO,2017-10-13T00:00:00.000Z,24.46
NEO,NEO,2017-10-14T00:00:00.000Z,23.12
NEO,NEO,2017-10-15T00:00:00.000Z,23.17
NEO,NEO,2017-10-16T00:00:00.000Z,24.1
NEO,NEO,2017-10-17T00:00:00.000Z,26.75
NEO,NEO,2017-10-18T00:00:00.000Z,25.29
NEO,NEO,2017-10-19T00:00:00.000Z,24.29
NEO,NEO,2017-10-20T00:00:00.000Z,23.68
NEO,NEO,2017-10-21T00:00:00.000Z,23.11
NEO,NEO,2017-10-22T00:00:00.000Z,24.52
NEO,NEO,2017-10-23T00:00:00.000Z,23.78
NEO,NEO,2017-10-24T00:00:00.000Z,25.94
NEO,NEO,2017-10-25T00:00:00.000Z,24.51
NEO,NEO,2017-10-26T00:00:00.000Z,24.39
NEO,NEO,2017-10-27T00:00:00.000Z,25.01
NEO,NEO,2017-10-28T00:00:00.000Z,23.75
NEO,NEO,2017-10-29T00:00:00.000Z,23.72
NEO,NEO,2017-10-30T00:00:00.000Z,24.82
NEO,NEO,2017-10-31T00:00:00.000Z,24.61
NEO,NEO,2017-11-01T00:00:00.000Z,23.48
NEO,NEO,2017-11-02T00:00:00.000Z,21.32
NEO,NEO,2017-11-03T00:00:00.000Z,23.31
NEO,NEO,2017-11-04T00:00:00.000Z,22.87
NEO,NEO,2017-11-05T00:00:00.000Z,22.95
NEO,NEO,2017-11-06T00:00:00.000Z,22.86
NEO,NEO,2017-11-07T00:00:00.000Z,22.91
NEO,NEO,2017-11-08T00:00:00.000Z,26.62
NEO,NEO,2017-11-09T00:00:00.000Z,27.69
NEO,NEO,2017-11-10T00:00:00.000Z,24.69
NEO,NEO,2017-11-11T00:00:00.000Z,24.74
NEO,NEO,2017-11-12T00:00:00.000Z,23.57
NEO,NEO,2017-11-13T00:00:00.000Z,24.61
NEO,NEO,2017-11-14T00:00:00.000Z,25.71
NEO,NEO,2017-11-15T00:00:00.000Z,25.31
NEO,NEO,2017-11-16T00:00:00.000Z,24.38
NEO,NEO,2017-11-17T00:00:00.000Z,34.65
NEO,NEO,2017-11-18T00:00:00.000Z,36.28
NEO,NEO,2017-11-19T00:00:00.000Z,33.56
NEO,NEO,2017-11-20T00:00:00.000Z,29.9
NEO,NEO,2017-11-21T00:00:00.000Z,29.32
NEO,NEO,2017-11-22T00:00:00.000Z,30.22
NEO,NEO,2017-11-23T00:00:00.000Z,29.45
NEO,NEO,2017-11-24T00:00:00.000Z,29.17
NEO,NEO,2017-11-25T00:00:00.000Z,31.88
NEO,NEO,2017-11-26T00:00:00.000Z,31.71
NEO,NEO,2017-11-27T00:00:00.000Z,33.33
NEO,NEO,2017-11-28T00:00:00.000Z,31.6
NEO,NEO,2017-11-29T00:00:00.000Z,28.13
NEO,NEO,2017-11-30T00:00:00.000Z,28.3
NEO,NEO,2017-12-01T00:00:00.000Z,30.29
NEO,NEO,2017-12-02T00:00:00.000Z,29.65
NEO,NEO,2017-12-03T00:00:00.000Z,30.76
NEO,NEO,2017-12-04T00:00:00.000Z,35.31
NEO,NEO,2017-12-05T00:00:00.000Z,33.02
NEO,NEO,2017-12-06T00:00:00.000Z,30.38
NEO,NEO,2017-12-07T00:00:00.000Z,28.85
NEO,NEO,2017-12-08T00:00:00.000Z,30.31
NEO,NEO,2017-12-09T00:00:00.000Z,29.94
NEO,NEO,2017-12-10T00:00:00.000Z,27.87
NEO,NEO,2017-12-11T00:00:00.000Z,28.8
NEO,NEO,2017-12-12T00:00:00.000Z,32.83
NEO,NEO,2017-12-13T00:00:00.000Z,36.98
NEO,NEO,2017-12-14T00:00:00.000Z,42.4
NEO,NEO,2017-12-15T00:00:00.000Z,40.49
NEO,NEO,2017-12-16T00:00:00.000Z,41.74
NEO,NEO,2017-12-17T00:00:00.000Z,55.9
NEO,NEO,2017-12-18T00:00:00.000Z,64.98
NEO,NEO,2017-12-19T00:00:00.000Z,60.41
NEO,NEO,2017-12-20T00:00:00.000Z,64.36
NEO,NEO,2017-12-21T00:00:00.000Z,58.23
NEO,NEO,2017-12-22T00:00:00.000Z,49.29
NEO,NEO,2017-12-23T00:00:00.000Z,51.89
NEO,NEO,2017-12-24T00:00:00.000Z,51.82
NEO,NEO,2017-12-25T00:00:00.000Z,55.59
NEO,NEO,2017-12-26T00:00:00.000Z,54.88
NEO,NEO,2017-12-27T00:00:00.000Z,56.94
NEO,NEO,2017-12-28T00:00:00.000Z,55.92
NEO,NEO,2017-12-29T00:00:00.000Z,63.43
NEO,NEO,2017-12-30T00:00:00.000Z,61.69
NEO,NEO,2017-12-31T00:00:00.000Z,64.93
NEO,NEO,2018-01-01T00:00:00.000Z,66.36
NEO,NEO,2018-01-02T00:00:00.000Z,75.02
NEO,NEO,2018-01-03T00:00:00.000Z,88.28
NEO,NEO,2018-01-04T00:00:00.000Z,82.67
NEO,NEO,2018-01-05T00:00:00.000Z,79.8
NEO,NEO,2018-01-06T00:00:00.000Z,83.01
NEO,NEO,2018-01-07T00:00:00.000Z,82.53
NEO,NEO,2018-01-08T00:00:00.000Z,85.23
NEO,NEO,2018-01-09T00:00:00.000Z,105.57
NEO,NEO,2018-01-10T00:00:00.000Z,101.79
NEO,NEO,2018-01-11T00:00:00.000Z,90.06
NEO,NEO,2018-01-12T00:00:00.000Z,102.27
NEO,NEO,2018-01-13T00:00:00.000Z,115.43
NEO,NEO,2018-01-14T00:00:00.000Z,140.7
NEO,NEO,2018-01-15T00:00:00.000Z,156.52
NEO,NEO,2018-01-16T00:00:00.000Z,119.75
NEO,NEO,2018-01-17T00:00:00.000Z,119.78
NEO,NEO,2018-01-18T00:00:00.000Z,119.69
NEO,NEO,2018-01-19T00:00:00.000Z,116.65
NEO,NEO,2018-01-20T00:00:00.000Z,123.81
NEO,NEO,2018-01-21T00:00:00.000Z,109.51
NEO,NEO,2018-01-22T00:00:00.000Z,101.93
NEO,NEO,2018-01-23T00:00:00.000Z,99.84
NEO,NEO,2018-01-24T00:00:00.000Z,111.82
NEO,NEO,2018-01-25T00:00:00.000Z,110.87
NEO,NEO,2018-01-26T00:00:00.000Z,111.02
NEO,NEO,2018-01-27T00:00:00.000Z,112.68
NEO,NEO,2018-01-28T00:00:00.000Z,121.14
NEO,NEO,2018-01-29T00:00:00.000Z,134.41
NEO,NEO,2018-01-30T00:00:00.000Z,114.65
NEO,NEO,2018-01-31T00:00:00.000Z,114.78
NEO,NEO,2018-02-01T00:00:00.000Z,98.38
NEO,NEO,2018-02-02T00:00:00.000Z,96.84
NEO,NEO,2018-02-03T00:00:00.000Z,100.09
NEO,NEO,2018-02-04T00:00:00.000Z,85.48
NEO,NEO,2018-02-05T00:00:00.000Z,64.62
NEO,NEO,2018-02-06T00:00:00.000Z,84.1
NEO,NEO,2018-02-07T00:00:00.000Z,82.98
NEO,NEO,2018-02-08T00:00:00.000Z,90.01
NEO,NEO,2018-02-09T00:00:00.000Z,93.3
NEO,NEO,2018-02-10T00:00:00.000Z,87.97
NEO,NEO,2018-02-11T00:00:00.000Z,83.39
NEO,NEO,2018-02-12T00:00:00.000Z,90.09
