id,date,price
5489383,2017-08-10,725.95
5489383,2017-08-11,725.95
5489383,2017-08-12,725.95
5489383,2017-08-13,725.95
5489383,2017-08-14,725.95
5489383,2017-08-15,725.95
5489383,2017-08-16,725.95
5489383,2017-08-17,725.95
5489383,2017-08-18,709.85
5489383,2017-08-19,709.85
5489383,2017-08-20,725.95
5489383,2017-08-21,725.95
5489383,2017-08-22,725.95
5489383,2017-08-23,725.95
5489383,2017-08-24,725.95
5489383,2017-08-25,725.95
5489383,2017-08-26,725.95
5489383,2017-08-27,725.95
5489383,2017-08-28,725.95
5489383,2017-08-29,718.95
5489383,2017-08-30,706.79
5489383,2017-08-31,692.09
5489383,2017-09-01,698.59
5489383,2017-09-02,698.59
5489383,2017-09-03,710.51
5489383,2017-09-04,710.51
5489383,2017-09-05,687.47
5489383,2017-09-06,715.62
5489383,2017-09-07,715.62
5489383,2017-09-08,717.27
5489383,2017-09-09,693.59
5489383,2017-09-10,716.36
5489383,2017-09-11,716.36
5489383,2017-09-12,734.44
5489383,2017-09-13,732.0
5489383,2017-09-14,732.0
5489383,2017-09-15,737.69
5489383,2017-09-16,742.38
5489383,2017-09-17,742.38
5489383,2017-09-18,742.38
5489383,2017-09-19,742.38
5489383,2017-09-20,742.43
5489383,2017-09-21,742.38
5489383,2017-09-22,742.38
5489383,2017-09-23,744.84
5489383,2017-09-24,744.84
5489383,2017-09-25,747.09
5489383,2017-09-26,749.94
5489383,2017-09-27,745.14
5489383,2017-09-28,745.14
5489383,2017-09-29,744.59
5489383,2017-09-30,744.59
5489383,2017-10-01,749.99
5489383,2017-10-02,747.79
5489383,2017-10-03,747.79
5489383,2017-10-04,751.59
5489383,2017-10-05,751.59
5489383,2017-10-06,768.95
5489383,2017-10-07,768.95
5489383,2017-10-08,768.95
5489383,2017-10-09,738.99
5489383,2017-10-10,738.99
5489383,2017-10-11,754.95
5489383,2017-10-12,755.0
5489383,2017-10-13,757.39
5489383,2017-10-14,757.39
5489383,2017-10-15,757.89
5489383,2017-10-16,757.89
5489383,2017-10-17,769.0
5489383,2017-10-18,769.0
5489383,2017-10-19,748.5
5489383,2017-10-20,760.49
5489383,2017-10-21,768.95
5489383,2017-10-22,768.95
5489383,2017-10-23,779.32
5489383,2017-10-24,779.33
5489383,2017-10-25,779.37
5489383,2017-10-26,779.37
5489383,2017-10-27,778.65
5489383,2017-10-28,768.95
5489383,2017-10-29,768.89
5489383,2017-10-30,768.83
5489383,2017-10-31,762.69
5489383,2017-11-01,762.63
5489383,2017-11-02,762.57
5489383,2017-11-03,762.51
5489383,2017-11-04,762.45
5489383,2017-11-05,762.39
5489383,2017-11-06,762.33
5489383,2017-11-07,762.33
5489383,2017-11-08,753.59
5489383,2017-11-09,753.59
5489383,2017-11-10,751.19
5489383,2017-11-11,747.58
5489383,2017-11-12,746.3
5489383,2017-11-13,746.3
5489383,2017-11-14,746.24
5489383,2017-11-15,738.37
5489383,2017-11-16,738.31
5489383,2017-11-17,738.31
5489383,2017-11-18,735.58
5489383,2017-11-19,732.98
5489383,2017-11-20,719.8
5489383,2017-11-21,719.8
5489383,2017-11-22,711.9
5489383,2017-11-23,711.9
5489383,2017-11-24,711.9
5489383,2017-11-25,735.96
5489383,2017-11-26,735.63
5489383,2017-11-27,735.63
5489383,2017-11-28,729.0
5489383,2017-11-29,729.0
5489383,2017-11-30,728.94
5489383,2017-12-01,728.94
5489383,2017-12-02,701.9
5489383,2017-12-03,701.9
5489383,2017-12-04,699.21
5489383,2017-12-05,697.34
5489383,2017-12-06,697.34
5489383,2017-12-07,728.82
5489383,2017-12-08,728.76
5489383,2017-12-09,728.64
5489383,2017-12-10,728.58
5489383,2017-12-11,728.52
5489383,2017-12-12,728.52
5489383,2017-12-13,729.0
5489383,2017-12-14,702.99
5489383,2017-12-15,702.99
5489383,2017-12-16,702.99
5489383,2017-12-17,702.99
5489383,2017-12-18,747.99
5489383,2017-12-19,747.99
5489383,2017-12-20,747.99
5489383,2017-12-21,736.09
5489383,2017-12-22,736.09
5489383,2017-12-23,747.99
5489383,2017-12-24,729.0
5489383,2017-12-25,729.0
5489383,2017-12-26,729.0
5489383,2017-12-27,729.0
5489383,2017-12-28,729.0
5489383,2017-12-29,729.0
5489383,2017-12-30,729.0
5489383,2017-12-31,729.0
5489383,2018-01-01,729.0
5489383,2018-01-02,729.0
5489383,2018-01-03,729.0
5489383,2018-01-04,729.0
5489383,2018-01-05,736.79
5489383,2018-01-06,712.49
5489383,2018-01-07,712.49
5489383,2018-01-08,712.49
5489383,2018-01-09,712.49
5489383,2018-01-10,712.49
5489383,2018-01-11,747.99
5489383,2018-01-12,747.99
5489383,2018-01-13,747.99
5489383,2018-01-14,755.0
5489383,2018-01-15,767.0
5489383,2018-01-16,767.0
5489383,2018-01-17,767.0
5489383,2018-01-18,767.0
5489383,2018-01-19,766.92
5489383,2018-01-20,743.3
5489383,2018-01-21,743.3
5489383,2018-01-22,767.0
5489383,2018-01-23,767.0
5489383,2018-01-24,767.0
5489383,2018-01-25,767.0
5489383,2018-01-26,767.0
5489383,2018-01-27,767.0
5489383,2018-01-28,767.0
5489383,2018-01-29,767.0
5489383,2018-01-30,767.0
5489383,2018-01-31,767.0
5489383,2018-02-01,899.0
5489383,2018-02-02,899.0
5489383,2018-02-03,929.0
5489383,2018-02-04,835.9
5489383,2018-02-05,835.9
5489383,2018-02-06,835.9
5489383,2018-02-07,835.9
5489383,2018-02-08,949.0
5489383,2018-02-09,949.0
5489383,2018-02-10,978.2
5477351,2017-08-10,695.13
5477351,2017-08-11,714.9
5477351,2017-08-12,714.9
5477351,2017-08-13,702.95
5477351,2017-08-14,702.89
5477351,2017-08-15,702.89
5477351,2017-08-16,714.9
5477351,2017-08-17,695.06
5477351,2017-08-18,695.06
5477351,2017-08-19,702.0
5477351,2017-08-20,702.0
5477351,2017-08-21,714.9
5477351,2017-08-22,712.85
5477351,2017-08-23,698.95
5477351,2017-08-24,698.95
5477351,2017-08-25,698.95
5477351,2017-08-26,698.95
5477351,2017-08-27,698.95
5477351,2017-08-28,698.95
5477351,2017-08-29,698.95
5477351,2017-08-30,698.95
5477351,2017-08-31,698.95
5477351,2017-09-01,698.95
5477351,2017-09-02,698.95
5477351,2017-09-03,698.95
5477351,2017-09-04,698.95
5477351,2017-09-05,698.95
5477351,2017-09-06,716.99
5477351,2017-09-07,716.99
5477351,2017-09-08,716.99
5477351,2017-09-09,719.9
5477351,2017-09-10,719.9
5477351,2017-09-11,719.9
5477351,2017-09-12,719.85
5477351,2017-09-13,716.99
5477351,2017-09-14,716.99
5477351,2017-09-15,716.99
5477351,2017-09-16,716.99
5477351,2017-09-17,719.9
5477351,2017-09-18,719.9
5477351,2017-09-19,719.9
5477351,2017-09-20,718.9
5477351,2017-09-21,719.9
5477351,2017-09-22,719.9
5477351,2017-09-23,720.9
5477351,2017-09-24,767.49
5477351,2017-09-25,767.9
5477351,2017-09-26,719.9
5477351,2017-09-27,720.9
5477351,2017-09-28,731.79
5477351,2017-09-29,731.79
5477351,2017-09-30,718.47
5477351,2017-10-01,724.89
5477351,2017-10-02,724.69
5477351,2017-10-03,731.79
5477351,2017-10-04,731.79
5477351,2017-10-05,715.61
5477351,2017-10-06,715.61
5477351,2017-10-07,715.61
5477351,2017-10-08,731.09
5477351,2017-10-09,731.09
5477351,2017-10-10,731.9
5477351,2017-10-11,728.69
5477351,2017-10-12,726.0
5477351,2017-10-13,726.69
5477351,2017-10-14,726.69
5477351,2017-10-15,727.19
5477351,2017-10-16,727.19
5477351,2017-10-17,728.19
5477351,2017-10-18,728.19
5477351,2017-10-19,728.22
5477351,2017-10-20,729.69
5477351,2017-10-21,717.18
5477351,2017-10-22,717.23
5477351,2017-10-23,769.0
5477351,2017-10-24,769.0
5477351,2017-10-25,758.49
5477351,2017-10-26,723.28
5477351,2017-10-27,714.17
5477351,2017-10-28,723.69
5477351,2017-10-29,734.57
5477351,2017-10-30,734.57
5477351,2017-10-31,749.4
5477351,2017-11-01,745.08
5477351,2017-11-02,721.45
5477351,2017-11-03,729.47
5477351,2017-11-04,729.0
5477351,2017-11-05,729.0
5477351,2017-11-06,729.0
5477351,2017-11-07,738.0
5477351,2017-11-08,744.0
5477351,2017-11-09,744.0
5477351,2017-11-10,744.0
5477351,2017-11-11,755.0
5477351,2017-11-12,755.0
5477351,2017-11-13,755.0
5477351,2017-11-14,755.0
5477351,2017-11-15,762.94
5477351,2017-11-16,762.94
5477351,2017-11-17,767.0
5477351,2017-11-18,766.4
5477351,2017-11-19,711.09
5477351,2017-11-20,721.26
5477351,2017-11-21,717.31
5477351,2017-11-22,717.31
5477351,2017-11-23,729.0
5477351,2017-11-24,729.0
5477351,2017-11-25,740.63
5477351,2017-11-26,740.63
5477351,2017-11-27,740.63
5477351,2017-11-28,728.09
5477351,2017-11-29,722.24
5477351,2017-11-30,729.95
5477351,2017-12-01,704.5
5477351,2017-12-02,714.95
5477351,2017-12-03,714.95
5477351,2017-12-04,704.55
5477351,2017-12-05,704.5
5477351,2017-12-06,704.5
5477351,2017-12-07,716.26
5477351,2017-12-08,721.72
5477351,2017-12-09,721.66
5477351,2017-12-10,721.6
5477351,2017-12-11,709.9
5477351,2017-12-12,709.9
5477351,2017-12-13,719.9
5477351,2017-12-14,719.9
5477351,2017-12-15,719.9
5477351,2017-12-16,719.9
5477351,2017-12-17,719.9
5477351,2017-12-18,719.9
5477351,2017-12-19,708.21
5477351,2017-12-20,708.26
5477351,2017-12-21,719.9
5477351,2017-12-22,719.9
5477351,2017-12-23,719.9
5477351,2017-12-24,719.9
5477351,2017-12-25,719.0
5477351,2017-12-26,719.0
5477351,2017-12-27,719.0
5477351,2017-12-28,699.0
5477351,2017-12-29,719.9
5477351,2017-12-30,729.01
5477351,2017-12-31,729.01
5477351,2018-01-01,729.01
5477351,2018-01-02,729.01
5477351,2018-01-03,729.01
5477351,2018-01-04,729.01
5477351,2018-01-05,729.01
5477351,2018-01-06,721.84
5477351,2018-01-07,729.01
5477351,2018-01-08,729.01
5477351,2018-01-09,600.0
5477351,2018-01-10,721.84
5477351,2018-01-11,769.0
5477351,2018-01-12,775.0
5477351,2018-01-13,785.0
5477351,2018-01-14,785.0
5477351,2018-01-15,785.0
5477351,2018-01-16,785.0
5477351,2018-01-17,809.0
5477351,2018-01-18,819.9
5477351,2018-01-19,819.9
5477351,2018-01-20,839.85
5477351,2018-01-21,839.85
5477351,2018-01-22,839.85
5477351,2018-01-23,840.95
5477351,2018-01-24,881.28
5477351,2018-01-25,899.99
5477351,2018-01-26,868.95
5477351,2018-01-27,864.95
5477351,2018-01-28,864.95
5477351,2018-01-29,864.95
5477351,2018-01-30,869.0
5477351,2018-01-31,893.54
5477351,2018-02-01,869.0
5477351,2018-02-02,872.05
5477351,2018-02-03,929.0
5477351,2018-02-04,899.99
5477351,2018-02-05,899.99
5477351,2018-02-06,929.0
5477351,2018-02-07,939.95
5477351,2018-02-08,939.95
5477351,2018-02-09,939.95
5477351,2018-02-10,929.0
5433497,2017-08-10,683.72
5433497,2017-08-11,678.95
5433497,2017-08-12,679.0
5433497,2017-08-13,679.0
5433497,2017-08-14,696.34
5433497,2017-08-15,696.34
5433497,2017-08-16,664.27
5433497,2017-08-17,690.2
5433497,2017-08-18,690.2
5433497,2017-08-19,690.2
5433497,2017-08-20,690.2
5433497,2017-08-21,690.2
5433497,2017-08-22,692.59
5433497,2017-08-23,692.53
5433497,2017-08-24,692.47
5433497,2017-08-25,692.41
5433497,2017-08-26,692.35
5433497,2017-08-27,692.29
5433497,2017-08-28,692.23
5433497,2017-08-29,692.23
5433497,2017-08-30,692.11
5433497,2017-08-31,692.11
5433497,2017-09-01,692.94
5433497,2017-09-02,692.94
5433497,2017-09-03,692.94
5433497,2017-09-04,692.94
5433497,2017-09-05,691.78
5433497,2017-09-06,693.0
5433497,2017-09-07,693.0
5433497,2017-09-08,687.9
5433497,2017-09-09,687.9
5433497,2017-09-10,685.9
5433497,2017-09-11,685.9
5433497,2017-09-12,685.59
5433497,2017-09-13,685.59
5433497,2017-09-14,688.79
5433497,2017-09-15,693.69
5433497,2017-09-16,690.19
5433497,2017-09-17,689.9
5433497,2017-09-18,689.9
5433497,2017-09-19,690.79
5433497,2017-09-20,688.49
5433497,2017-09-21,686.79
5433497,2017-09-22,690.89
5433497,2017-09-23,690.89
5433497,2017-09-24,690.89
5433497,2017-09-25,690.89
5433497,2017-09-26,690.19
5433497,2017-09-27,690.19
5433497,2017-09-28,701.39
5433497,2017-09-29,701.39
5433497,2017-09-30,701.39
5433497,2017-10-01,701.39
5433497,2017-10-02,701.39
5433497,2017-10-03,701.39
5433497,2017-10-04,701.39
5433497,2017-10-05,726.16
5433497,2017-10-06,701.89
5433497,2017-10-07,701.89
5433497,2017-10-08,700.7
5433497,2017-10-09,700.7
5433497,2017-10-10,700.7
5433497,2017-10-11,707.49
5433497,2017-10-12,707.49
5433497,2017-10-13,705.5
5433497,2017-10-14,705.5
5433497,2017-10-15,705.99
5433497,2017-10-16,705.99
5433497,2017-10-17,702.31
5433497,2017-10-18,702.31
5433497,2017-10-19,702.31
5433497,2017-10-20,742.15
5433497,2017-10-21,732.64
5433497,2017-10-22,732.64
5433497,2017-10-23,732.64
5433497,2017-10-24,737.64
5433497,2017-10-25,705.89
5433497,2017-10-26,741.0
5433497,2017-10-27,741.0
5433497,2017-10-28,729.97
5433497,2017-10-29,729.97
5433497,2017-10-30,729.97
5433497,2017-10-31,732.54
5433497,2017-11-01,705.9
5433497,2017-11-02,713.74
5433497,2017-11-03,740.37
5433497,2017-11-04,740.37
5433497,2017-11-05,740.37
5433497,2017-11-06,740.37
5433497,2017-11-07,722.95
5433497,2017-11-08,708.27
5433497,2017-11-09,708.27
5433497,2017-11-10,707.78
5433497,2017-11-11,707.78
5433497,2017-11-12,707.65
5433497,2017-11-13,707.65
5433497,2017-11-14,699.5
5433497,2017-11-15,703.75
5433497,2017-11-16,710.32
5433497,2017-11-17,710.32
5433497,2017-11-18,707.78
5433497,2017-11-19,682.83
5433497,2017-11-20,675.12
5433497,2017-11-21,675.12
5433497,2017-11-22,678.99
5433497,2017-11-23,675.5
5433497,2017-11-24,675.44
5433497,2017-11-25,675.38
5433497,2017-11-26,675.32
5433497,2017-11-27,675.32
5433497,2017-11-28,675.32
5433497,2017-11-29,675.32
5433497,2017-11-30,663.55
5433497,2017-12-01,666.36
5433497,2017-12-02,676.22
5433497,2017-12-03,676.22
5433497,2017-12-04,664.94
5433497,2017-12-05,664.94
5433497,2017-12-06,704.32
5433497,2017-12-07,710.99
5433497,2017-12-08,710.99
5433497,2017-12-09,710.33
5433497,2017-12-10,707.86
5433497,2017-12-11,704.29
5433497,2017-12-12,704.29
5433497,2017-12-13,707.25
5433497,2017-12-14,681.07
5433497,2017-12-15,681.07
5433497,2017-12-16,681.07
5433497,2017-12-17,681.07
5433497,2017-12-18,681.07
5433497,2017-12-19,681.07
5433497,2017-12-20,679.18
5433497,2017-12-21,670.92
5433497,2017-12-22,670.92
5433497,2017-12-23,707.08
5433497,2017-12-24,707.99
5433497,2017-12-25,707.99
5433497,2017-12-26,707.99
5433497,2017-12-27,707.99
5433497,2017-12-28,710.99
5433497,2017-12-29,710.99
5433497,2017-12-30,710.99
5433497,2017-12-31,710.99
5433497,2018-01-01,710.99
5433497,2018-01-02,710.99
5433497,2018-01-03,710.99
5433497,2018-01-04,710.99
5433497,2018-01-05,716.23
5433497,2018-01-06,716.18
5433497,2018-01-07,709.19
5433497,2018-01-08,709.13
5433497,2018-01-09,707.91
5433497,2018-01-10,707.91
5433497,2018-01-11,710.99
5433497,2018-01-12,710.99
5433497,2018-01-13,732.38
5433497,2018-01-14,732.38
5433497,2018-01-15,732.38
5433497,2018-01-16,769.0
5433497,2018-01-17,814.95
5433497,2018-01-18,781.1
5433497,2018-01-19,797.89
5433497,2018-01-20,803.94
5433497,2018-01-21,814.95
5433497,2018-01-22,814.9
5433497,2018-01-23,814.9
5433497,2018-01-24,849.0
5433497,2018-01-25,825.19
5433497,2018-01-26,817.89
5433497,2018-01-27,817.89
5433497,2018-01-28,817.89
5433497,2018-01-29,817.89
5433497,2018-01-30,769.0
5433497,2018-01-31,844.95
5433497,2018-02-01,896.0
5433497,2018-02-02,886.0
5433497,2018-02-03,929.9
5433497,2018-02-04,929.9
5433497,2018-02-05,929.9
5433497,2018-02-06,899.9
5433497,2018-02-07,872.0
5433497,2018-02-08,949.0
5433497,2018-02-09,949.0
5433497,2018-02-10,915.0
5030377,2017-08-10,528.99
5030377,2017-08-11,528.99
5030377,2017-08-12,528.99
5030377,2017-08-13,528.99
5030377,2017-08-14,528.99
5030377,2017-08-15,528.94
5030377,2017-08-16,528.93
5030377,2017-08-17,528.99
5030377,2017-08-18,528.99
5030377,2017-08-19,528.94
5030377,2017-08-20,528.73
5030377,2017-08-21,528.72
5030377,2017-08-22,528.42
5030377,2017-08-23,528.45
5030377,2017-08-24,518.99
5030377,2017-08-25,518.88
5030377,2017-08-26,518.87
5030377,2017-08-27,518.81
5030377,2017-08-28,518.7
5030377,2017-08-29,518.64
5030377,2017-08-30,518.58
5030377,2017-08-31,518.57
5030377,2017-09-01,526.0
5030377,2017-09-02,528.99
5030377,2017-09-03,528.99
5030377,2017-09-04,528.99
5030377,2017-09-05,528.99
5030377,2017-09-06,528.99
5030377,2017-09-07,529.0
5030377,2017-09-08,528.99
5030377,2017-09-09,528.94
5030377,2017-09-10,529.0
5030377,2017-09-11,529.0
5030377,2017-09-12,529.0
5030377,2017-09-13,528.99
5030377,2017-09-14,528.99
5030377,2017-09-15,523.36
5030377,2017-09-16,523.36
5030377,2017-09-17,523.36
5030377,2017-09-18,523.36
5030377,2017-09-19,523.36
5030377,2017-09-20,526.54
5030377,2017-09-21,526.3
5030377,2017-09-22,526.35
5030377,2017-09-23,526.19
5030377,2017-09-24,526.05
5030377,2017-09-25,524.6
5030377,2017-09-26,524.45
5030377,2017-09-27,524.15
5030377,2017-09-28,524.04
5030377,2017-09-29,524.03
5030377,2017-09-30,523.97
5030377,2017-10-01,523.86
5030377,2017-10-02,523.85
5030377,2017-10-03,523.8
5030377,2017-10-04,523.79
5030377,2017-10-05,523.73
5030377,2017-10-06,514.89
5030377,2017-10-07,514.84
5030377,2017-10-08,506.7
5030377,2017-10-09,506.7
5030377,2017-10-10,506.7
5030377,2017-10-11,506.7
5030377,2017-10-12,506.7
5030377,2017-10-13,506.7
5030377,2017-10-14,507.57
5030377,2017-10-15,521.99
5030377,2017-10-16,522.99
5030377,2017-10-17,522.99
5030377,2017-10-18,521.42
5030377,2017-10-19,516.71
5030377,2017-10-20,516.65
5030377,2017-10-21,514.64
5030377,2017-10-22,514.58
5030377,2017-10-23,514.58
5030377,2017-10-24,514.52
5030377,2017-10-25,514.46
5030377,2017-10-26,514.4
5030377,2017-10-27,514.34
5030377,2017-10-28,522.33
5030377,2017-10-29,527.0
5030377,2017-10-30,527.0
5030377,2017-10-31,531.99
5030377,2017-11-01,531.99
5030377,2017-11-02,544.0
5030377,2017-11-03,544.0
5030377,2017-11-04,531.93
5030377,2017-11-05,531.99
5030377,2017-11-06,531.99
5030377,2017-11-07,531.98
5030377,2017-11-08,531.93
5030377,2017-11-09,531.87
5030377,2017-11-10,531.99
5030377,2017-11-11,539.69
5030377,2017-11-12,539.63
5030377,2017-11-13,539.57
5030377,2017-11-14,538.95
5030377,2017-11-15,538.89
5030377,2017-11-16,538.89
5030377,2017-11-17,538.89
5030377,2017-11-18,535.05
5030377,2017-11-19,531.94
5030377,2017-11-20,533.99
5030377,2017-11-21,533.99
5030377,2017-11-22,531.87
5030377,2017-11-23,531.81
5030377,2017-11-24,528.96
5030377,2017-11-25,528.96
5030377,2017-11-26,533.99
5030377,2017-11-27,533.99
5030377,2017-11-28,528.84
5030377,2017-11-29,533.99
5030377,2017-11-30,533.99
5030377,2017-12-01,528.78
5030377,2017-12-02,533.99
5030377,2017-12-03,533.01
5030377,2017-12-04,528.78
5030377,2017-12-05,533.99
5030377,2017-12-06,533.98
5030377,2017-12-07,533.98
5030377,2017-12-08,533.98
5030377,2017-12-09,531.37
5030377,2017-12-10,531.37
5030377,2017-12-11,531.37
5030377,2017-12-12,532.68
5030377,2017-12-13,526.3
5030377,2017-12-14,526.3
5030377,2017-12-15,526.3
5030377,2017-12-16,523.94
5030377,2017-12-17,523.94
5030377,2017-12-18,526.3
5030377,2017-12-19,533.99
5030377,2017-12-20,532.3
5030377,2017-12-21,532.1
5030377,2017-12-22,533.99
5030377,2017-12-23,533.99
5030377,2017-12-24,533.99
5030377,2017-12-25,533.99
5030377,2017-12-26,533.99
5030377,2017-12-27,533.99
5030377,2017-12-28,531.76
5030377,2017-12-29,531.7
5030377,2017-12-30,531.64
5030377,2017-12-31,531.58
5030377,2018-01-01,533.99
5030377,2018-01-02,533.53
5030377,2018-01-03,533.99
5030377,2018-01-04,541.0
5030377,2018-01-05,532.63
5030377,2018-01-06,532.57
5030377,2018-01-07,526.44
5030377,2018-01-08,526.49
5030377,2018-01-09,546.59
5030377,2018-01-10,533.99
5030377,2018-01-11,533.99
5030377,2018-01-12,568.99
5030377,2018-01-13,567.0
5030377,2018-01-14,567.0
5030377,2018-01-15,551.79
5030377,2018-01-16,551.79
5030377,2018-01-17,589.99
5030377,2018-01-18,594.95
5030377,2018-01-19,599.0
5030377,2018-01-20,599.0
5030377,2018-01-21,599.0
5030377,2018-01-22,599.0
5030377,2018-01-23,599.0
5030377,2018-01-24,649.89
5030377,2018-01-25,599.0
5030377,2018-01-26,599.0
5030377,2018-01-27,678.95
5030377,2018-01-28,679.0
5030377,2018-01-29,639.0
5030377,2018-01-30,674.41
5030377,2018-01-31,690.0
5030377,2018-02-01,677.0
5030377,2018-02-02,699.0
5030377,2018-02-03,699.0
5030377,2018-02-04,719.0
5030377,2018-02-05,719.9
5030377,2018-02-06,719.9
5030377,2018-02-07,729.9
5030377,2018-02-08,739.9
5030377,2018-02-09,739.9
5030377,2018-02-10,739.9
5489383,2017-08-10,725.95
5489383,2017-08-11,725.95
5489383,2017-08-12,725.95
5489383,2017-08-13,725.95
5489383,2017-08-14,725.95
5489383,2017-08-15,725.95
5489383,2017-08-16,725.95
5489383,2017-08-17,725.95
5489383,2017-08-18,709.85
5489383,2017-08-19,709.85
5489383,2017-08-20,725.95
5489383,2017-08-21,725.95
5489383,2017-08-22,725.95
5489383,2017-08-23,725.95
5489383,2017-08-24,725.95
5489383,2017-08-25,725.95
5489383,2017-08-26,725.95
5489383,2017-08-27,725.95
5489383,2017-08-28,725.95
5489383,2017-08-29,718.95
5489383,2017-08-30,706.79
5489383,2017-08-31,692.09
5489383,2017-09-01,698.59
5489383,2017-09-02,698.59
5489383,2017-09-03,710.51
5489383,2017-09-04,710.51
5489383,2017-09-05,687.47
5489383,2017-09-06,715.62
5489383,2017-09-07,715.62
5489383,2017-09-08,717.27
5489383,2017-09-09,693.59
5489383,2017-09-10,716.36
5489383,2017-09-11,716.36
5489383,2017-09-12,734.44
5489383,2017-09-13,732.0
5489383,2017-09-14,732.0
5489383,2017-09-15,737.69
5489383,2017-09-16,742.38
5489383,2017-09-17,742.38
5489383,2017-09-18,742.38
5489383,2017-09-19,742.38
5489383,2017-09-20,742.43
5489383,2017-09-21,742.38
5489383,2017-09-22,742.38
5489383,2017-09-23,744.84
5489383,2017-09-24,744.84
5489383,2017-09-25,747.09
5489383,2017-09-26,749.94
5489383,2017-09-27,745.14
5489383,2017-09-28,745.14
5489383,2017-09-29,744.59
5489383,2017-09-30,744.59
5489383,2017-10-01,749.99
5489383,2017-10-02,747.79
5489383,2017-10-03,747.79
5489383,2017-10-04,751.59
5489383,2017-10-05,751.59
5489383,2017-10-06,768.95
5489383,2017-10-07,768.95
5489383,2017-10-08,768.95
5489383,2017-10-09,738.99
5489383,2017-10-10,738.99
5489383,2017-10-11,754.95
5489383,2017-10-12,755.0
5489383,2017-10-13,757.39
5489383,2017-10-14,757.39
5489383,2017-10-15,757.89
5489383,2017-10-16,757.89
5489383,2017-10-17,769.0
5489383,2017-10-18,769.0
5489383,2017-10-19,748.5
5489383,2017-10-20,760.49
5489383,2017-10-21,768.95
5489383,2017-10-22,768.95
5489383,2017-10-23,779.32
5489383,2017-10-24,779.33
5489383,2017-10-25,779.37
5489383,2017-10-26,779.37
5489383,2017-10-27,778.65
5489383,2017-10-28,768.95
5489383,2017-10-29,768.89
5489383,2017-10-30,768.83
5489383,2017-10-31,762.69
5489383,2017-11-01,762.63
5489383,2017-11-02,762.57
5489383,2017-11-03,762.51
5489383,2017-11-04,762.45
5489383,2017-11-05,762.39
5489383,2017-11-06,762.33
5489383,2017-11-07,762.33
5489383,2017-11-08,753.59
5489383,2017-11-09,753.59
5489383,2017-11-10,751.19
5489383,2017-11-11,747.58
5489383,2017-11-12,746.3
5489383,2017-11-13,746.3
5489383,2017-11-14,746.24
5489383,2017-11-15,738.37
5489383,2017-11-16,738.31
5489383,2017-11-17,738.31
5489383,2017-11-18,735.58
5489383,2017-11-19,732.98
5489383,2017-11-20,719.8
5489383,2017-11-21,719.8
5489383,2017-11-22,711.9
5489383,2017-11-23,711.9
5489383,2017-11-24,711.9
5489383,2017-11-25,735.96
5489383,2017-11-26,735.63
5489383,2017-11-27,735.63
5489383,2017-11-28,729.0
5489383,2017-11-29,729.0
5489383,2017-11-30,728.94
5489383,2017-12-01,728.94
5489383,2017-12-02,701.9
5489383,2017-12-03,701.9
5489383,2017-12-04,699.21
5489383,2017-12-05,697.34
5489383,2017-12-06,697.34
5489383,2017-12-07,728.82
5489383,2017-12-08,728.76
5489383,2017-12-09,728.64
5489383,2017-12-10,728.58
5489383,2017-12-11,728.52
5489383,2017-12-12,728.52
5489383,2017-12-13,729.0
5489383,2017-12-14,702.99
5489383,2017-12-15,702.99
5489383,2017-12-16,702.99
5489383,2017-12-17,702.99
5489383,2017-12-18,747.99
5489383,2017-12-19,747.99
5489383,2017-12-20,747.99
5489383,2017-12-21,736.09
5489383,2017-12-22,736.09
5489383,2017-12-23,747.99
5489383,2017-12-24,729.0
5489383,2017-12-25,729.0
5489383,2017-12-26,729.0
5489383,2017-12-27,729.0
5489383,2017-12-28,729.0
5489383,2017-12-29,729.0
5489383,2017-12-30,729.0
5489383,2017-12-31,729.0
5489383,2018-01-01,729.0
5489383,2018-01-02,729.0
5489383,2018-01-03,729.0
5489383,2018-01-04,729.0
5489383,2018-01-05,736.79
5489383,2018-01-06,712.49
5489383,2018-01-07,712.49
5489383,2018-01-08,712.49
5489383,2018-01-09,712.49
5489383,2018-01-10,712.49
5489383,2018-01-11,747.99
5489383,2018-01-12,747.99
5489383,2018-01-13,747.99
5489383,2018-01-14,755.0
5489383,2018-01-15,767.0
5489383,2018-01-16,767.0
5489383,2018-01-17,767.0
5489383,2018-01-18,767.0
5489383,2018-01-19,766.92
5489383,2018-01-20,743.3
5489383,2018-01-21,743.3
5489383,2018-01-22,767.0
5489383,2018-01-23,767.0
5489383,2018-01-24,767.0
5489383,2018-01-25,767.0
5489383,2018-01-26,767.0
5489383,2018-01-27,767.0
5489383,2018-01-28,767.0
5489383,2018-01-29,767.0
5489383,2018-01-30,767.0
5489383,2018-01-31,767.0
5489383,2018-02-01,899.0
5489383,2018-02-02,899.0
5489383,2018-02-03,929.0
5489383,2018-02-04,835.9
5489383,2018-02-05,835.9
5489383,2018-02-06,835.9
5489383,2018-02-07,835.9
5489383,2018-02-08,949.0
5489383,2018-02-09,949.0
5489383,2018-02-10,978.2
5030326,2017-08-10,578.0
5030326,2017-08-11,578.0
5030326,2017-08-12,584.95
5030326,2017-08-13,585.0
5030326,2017-08-14,593.95
5030326,2017-08-15,559.34
5030326,2017-08-16,589.37
5030326,2017-08-17,589.37
5030326,2017-08-18,589.37
5030326,2017-08-19,585.63
5030326,2017-08-20,589.37
5030326,2017-08-21,589.37
5030326,2017-08-22,593.95
5030326,2017-08-23,593.95
5030326,2017-08-24,593.28
5030326,2017-08-25,588.32
5030326,2017-08-26,579.94
5030326,2017-08-27,579.94
5030326,2017-08-28,580.4
5030326,2017-08-29,573.19
5030326,2017-08-30,571.98
5030326,2017-08-31,568.38
5030326,2017-09-01,573.86
5030326,2017-09-02,573.86
5030326,2017-09-03,573.86
5030326,2017-09-04,569.28
5030326,2017-09-05,569.28
5030326,2017-09-06,569.28
5030326,2017-09-07,572.31
5030326,2017-09-08,572.3
5030326,2017-09-09,568.95
5030326,2017-09-10,568.95
5030326,2017-09-11,568.95
5030326,2017-09-12,568.94
5030326,2017-09-13,568.94
5030326,2017-09-14,568.83
5030326,2017-09-15,568.77
5030326,2017-09-16,568.71
5030326,2017-09-17,568.64
5030326,2017-09-18,558.95
5030326,2017-09-19,558.95
5030326,2017-09-20,558.88
5030326,2017-09-21,558.99
5030326,2017-09-22,558.95
5030326,2017-09-23,558.95
5030326,2017-09-24,558.95
5030326,2017-09-25,558.95
5030326,2017-09-26,563.3
5030326,2017-09-27,563.3
5030326,2017-09-28,478.0
5030326,2017-09-29,478.0
5030326,2017-09-30,563.7
5030326,2017-10-01,564.33
5030326,2017-10-02,564.33
5030326,2017-10-03,566.4
5030326,2017-10-04,568.75
5030326,2017-10-05,568.7
5030326,2017-10-06,568.75
5030326,2017-10-07,568.75
5030326,2017-10-08,568.75
5030326,2017-10-09,568.75
5030326,2017-10-10,568.75
5030326,2017-10-11,565.37
5030326,2017-10-12,539.83
5030326,2017-10-13,555.0
5030326,2017-10-14,555.0
5030326,2017-10-15,555.24
5030326,2017-10-16,555.7
5030326,2017-10-17,548.07
5030326,2017-10-18,548.07
5030326,2017-10-19,548.07
5030326,2017-10-20,545.66
5030326,2017-10-21,545.66
5030326,2017-10-22,543.58
5030326,2017-10-23,543.58
5030326,2017-10-24,543.58
5030326,2017-10-25,543.58
5030326,2017-10-26,555.45
5030326,2017-10-27,552.75
5030326,2017-10-28,553.31
5030326,2017-10-29,546.8
5030326,2017-10-30,551.34
5030326,2017-10-31,554.4
5030326,2017-11-01,554.0
5030326,2017-11-02,558.85
5030326,2017-11-03,558.9
5030326,2017-11-04,558.9
5030326,2017-11-05,558.9
5030326,2017-11-06,558.9
5030326,2017-11-07,558.85
5030326,2017-11-08,558.85
5030326,2017-11-09,558.85
5030326,2017-11-10,553.28
5030326,2017-11-11,553.28
5030326,2017-11-12,558.85
5030326,2017-11-13,558.84
5030326,2017-11-14,558.89
5030326,2017-11-15,558.89
5030326,2017-11-16,558.9
5030326,2017-11-17,558.9
5030326,2017-11-18,558.84
5030326,2017-11-19,558.84
5030326,2017-11-20,558.9
5030326,2017-11-21,556.95
5030326,2017-11-22,556.89
5030326,2017-11-23,556.89
5030326,2017-11-24,558.86
5030326,2017-11-25,558.86
5030326,2017-11-26,561.99
5030326,2017-11-27,569.9
5030326,2017-11-28,569.0
5030326,2017-11-29,569.0
5030326,2017-11-30,569.0
5030326,2017-12-01,569.0
5030326,2017-12-02,565.43
5030326,2017-12-03,565.49
5030326,2017-12-04,565.49
5030326,2017-12-05,565.49
5030326,2017-12-06,568.95
5030326,2017-12-07,568.95
5030326,2017-12-08,565.88
5030326,2017-12-09,565.88
5030326,2017-12-10,566.0
5030326,2017-12-11,566.0
5030326,2017-12-12,562.06
5030326,2017-12-13,562.06
5030326,2017-12-14,561.94
5030326,2017-12-15,561.88
5030326,2017-12-16,561.82
5030326,2017-12-17,561.76
5030326,2017-12-18,561.7
5030326,2017-12-19,561.7
5030326,2017-12-20,557.56
5030326,2017-12-21,557.5
5030326,2017-12-22,557.5
5030326,2017-12-23,564.95
5030326,2017-12-24,564.95
5030326,2017-12-25,564.95
5030326,2017-12-26,564.89
5030326,2017-12-27,564.89
5030326,2017-12-28,555.38
5030326,2017-12-29,555.32
5030326,2017-12-30,555.26
5030326,2017-12-31,555.2
5030326,2018-01-01,562.0
5030326,2018-01-02,562.0
5030326,2018-01-03,566.0
5030326,2018-01-04,566.0
5030326,2018-01-05,588.95
5030326,2018-01-06,569.94
5030326,2018-01-07,588.95
5030326,2018-01-08,589.29
5030326,2018-01-09,591.49
5030326,2018-01-10,608.9
5030326,2018-01-11,609.99
5030326,2018-01-12,609.99
5030326,2018-01-13,599.0
5030326,2018-01-14,599.0
5030326,2018-01-15,609.99
5030326,2018-01-16,609.99
5030326,2018-01-17,609.99
5030326,2018-01-18,609.99
5030326,2018-01-19,592.71
5030326,2018-01-20,592.94
5030326,2018-01-21,609.99
5030326,2018-01-22,609.99
5030326,2018-01-23,609.99
5030326,2018-01-24,609.99
5030326,2018-01-25,609.99
5030326,2018-01-26,648.95
5030326,2018-01-27,639.95
5030326,2018-01-28,659.95
5030326,2018-01-29,669.0
5030326,2018-01-30,699.0
5030326,2018-01-31,665.9
5030326,2018-02-01,697.99
5030326,2018-02-02,699.99
5030326,2018-02-03,699.99
5030326,2018-02-04,699.99
5030326,2018-02-05,699.99
5030326,2018-02-06,759.0
5030326,2018-02-07,763.0
5030326,2018-02-08,716.28
5030326,2018-02-09,716.28
5030326,2018-02-10,729.99
5797825,2017-10-26,469.0
5797825,2017-10-27,469.0
5797825,2017-10-28,469.0
5797825,2017-10-29,469.0
5797825,2017-10-30,469.0
5797825,2017-10-31,469.0
5797825,2017-11-01,469.0
5797825,2017-11-02,469.0
5797825,2017-11-03,469.0
5797825,2017-11-04,469.0
5797825,2017-11-05,469.0
5797825,2017-11-06,469.0
5797825,2017-11-07,469.0
5797825,2017-11-08,469.0
5797825,2017-11-09,469.0
5797825,2017-11-10,469.0
5797825,2017-11-11,468.95
5797825,2017-11-12,468.95
5797825,2017-11-13,468.95
5797825,2017-11-14,468.95
5797825,2017-11-15,468.95
5797825,2017-11-16,468.89
5797825,2017-11-17,468.89
5797825,2017-11-18,467.2
5797825,2017-11-19,467.2
5797825,2017-11-20,467.14
5797825,2017-11-21,467.08
5797825,2017-11-22,467.0
5797825,2017-11-23,467.0
5797825,2017-11-24,466.94
5797825,2017-11-25,466.88
5797825,2017-11-26,466.88
5797825,2017-11-27,466.82
5797825,2017-11-28,466.82
5797825,2017-11-29,466.82
5797825,2017-11-30,479.9
5797825,2017-12-01,479.9
5797825,2017-12-02,479.9
5797825,2017-12-03,479.9
5797825,2017-12-04,479.9
5797825,2017-12-05,479.9
5797825,2017-12-06,479.9
5797825,2017-12-07,479.84
5797825,2017-12-08,479.78
5797825,2017-12-09,479.72
5797825,2017-12-10,479.66
5797825,2017-12-11,479.66
5797825,2017-12-12,486.0
5797825,2017-12-13,485.99
5797825,2017-12-14,484.99
5797825,2017-12-15,484.8
5797825,2017-12-16,484.99
5797825,2017-12-17,484.99
5797825,2017-12-18,484.99
5797825,2017-12-19,489.0
5797825,2017-12-20,488.94
5797825,2017-12-21,488.88
5797825,2017-12-22,488.82
5797825,2017-12-23,488.82
5797825,2017-12-24,488.95
5797825,2017-12-25,488.95
5797825,2017-12-26,488.95
5797825,2017-12-27,488.95
5797825,2017-12-28,488.95
5797825,2017-12-29,488.95
5797825,2017-12-30,488.95
5797825,2017-12-31,489.0
5797825,2018-01-01,489.0
5797825,2018-01-02,489.0
5797825,2018-01-03,489.0
5797825,2018-01-04,489.0
5797825,2018-01-05,489.0
5797825,2018-01-06,488.94
5797825,2018-01-07,489.0
5797825,2018-01-08,489.0
5797825,2018-01-09,489.0
5797825,2018-01-10,489.0
5797825,2018-01-11,489.0
5797825,2018-01-12,489.0
5797825,2018-01-13,489.0
5797825,2018-01-14,489.0
5797825,2018-01-15,489.0
5797825,2018-01-16,519.0
5797825,2018-01-17,551.82
5797825,2018-01-18,551.82
5797825,2018-01-19,600.0
5797825,2018-01-20,553.02
5797825,2018-01-21,553.02
5797825,2018-01-22,549.25
5797825,2018-01-23,549.25
5797825,2018-01-24,627.0
5797825,2018-01-25,631.0
5797825,2018-01-26,642.0
5797825,2018-01-27,619.0
5797825,2018-01-28,619.0
5797825,2018-01-29,619.0
5797825,2018-01-30,619.0
5797825,2018-01-31,661.0
5797825,2018-02-01,661.0
5797825,2018-02-02,692.0
5797825,2018-02-03,699.9
5797825,2018-02-04,699.9
5797825,2018-02-05,699.9
5797825,2018-02-06,699.9
5797825,2018-02-07,699.9
5797825,2018-02-08,705.0
5797825,2018-02-09,705.0
5797825,2018-02-10,719.9
5799445,2017-10-27,469.0
5799445,2017-10-28,469.0
5799445,2017-10-29,469.0
5799445,2017-10-30,469.0
5799445,2017-10-31,469.0
5799445,2017-11-01,469.0
5799445,2017-11-02,469.0
5799445,2017-11-03,469.0
5799445,2017-11-04,468.94
5799445,2017-11-05,468.94
5799445,2017-11-06,468.95
5799445,2017-11-07,468.95
5799445,2017-11-08,468.95
5799445,2017-11-09,468.95
5799445,2017-11-10,468.95
5799445,2017-11-11,468.85
5799445,2017-11-12,468.85
5799445,2017-11-13,468.85
5799445,2017-11-14,463.63
5799445,2017-11-15,459.63
5799445,2017-11-16,453.95
5799445,2017-11-17,449.75
5799445,2017-11-18,449.14
5799445,2017-11-19,449.13
5799445,2017-11-20,449.13
5799445,2017-11-21,446.99
5799445,2017-11-22,446.99
5799445,2017-11-23,446.91
5799445,2017-11-24,446.99
5799445,2017-11-25,446.99
5799445,2017-11-26,446.99
5799445,2017-11-27,450.45
5799445,2017-11-28,450.45
5799445,2017-11-29,448.11
5799445,2017-11-30,449.32
5799445,2017-12-01,443.87
5799445,2017-12-02,425.21
5799445,2017-12-03,425.21
5799445,2017-12-04,438.71
5799445,2017-12-05,458.09
5799445,2017-12-06,433.0
5799445,2017-12-07,428.82
5799445,2017-12-08,430.66
5799445,2017-12-09,438.65
5799445,2017-12-10,450.88
5799445,2017-12-11,451.14
5799445,2017-12-12,451.99
5799445,2017-12-13,451.99
5799445,2017-12-14,451.99
5799445,2017-12-15,442.37
5799445,2017-12-16,442.37
5799445,2017-12-17,451.99
5799445,2017-12-18,451.99
5799445,2017-12-19,448.99
5799445,2017-12-20,448.99
5799445,2017-12-21,447.75
5799445,2017-12-22,448.99
5799445,2017-12-23,448.99
5799445,2017-12-24,448.99
5799445,2017-12-25,448.99
5799445,2017-12-26,448.99
5799445,2017-12-27,449.99
5799445,2017-12-28,449.99
5799445,2017-12-29,449.99
5799445,2017-12-30,449.99
5799445,2017-12-31,449.99
5799445,2018-01-01,433.0
5799445,2018-01-02,449.99
5799445,2018-01-03,454.19
5799445,2018-01-04,454.19
5799445,2018-01-05,486.94
5799445,2018-01-06,489.95
5799445,2018-01-07,489.95
5799445,2018-01-08,489.95
5799445,2018-01-09,493.99
5799445,2018-01-10,450.25
5799445,2018-01-11,489.95
5799445,2018-01-12,499.0
5799445,2018-01-13,499.0
5799445,2018-01-14,518.99
5799445,2018-01-15,518.99
5799445,2018-01-16,528.95
5799445,2018-01-17,509.9
5799445,2018-01-18,517.9
5799445,2018-01-19,517.9
5799445,2018-01-20,519.0
5799445,2018-01-21,529.0
5799445,2018-01-22,529.0
5799445,2018-01-23,549.99
5799445,2018-01-24,579.0
5799445,2018-01-25,596.0
5799445,2018-01-26,569.0
5799445,2018-01-27,569.0
5799445,2018-01-28,622.0
5799445,2018-01-29,622.0
5799445,2018-01-30,614.95
5799445,2018-01-31,614.95
5799445,2018-02-01,639.0
5799445,2018-02-02,649.9
5799445,2018-02-03,640.09
5799445,2018-02-04,640.09
5799445,2018-02-05,640.09
5799445,2018-02-06,653.0
5799445,2018-02-07,653.0
5799445,2018-02-08,653.0
5799445,2018-02-09,653.0
5799445,2018-02-10,599.9
5797862,2017-10-26,489.0
5797862,2017-10-27,479.0
5797862,2017-10-28,479.0
5797862,2017-10-29,479.0
5797862,2017-10-30,479.0
5797862,2017-10-31,479.0
5797862,2017-11-01,479.0
5797862,2017-11-02,479.0
5797862,2017-11-03,479.0
5797862,2017-11-04,479.0
5797862,2017-11-05,479.0
5797862,2017-11-06,479.0
5797862,2017-11-07,478.95
5797862,2017-11-08,478.95
5797862,2017-11-09,478.95
5797862,2017-11-10,478.95
5797862,2017-11-11,478.95
5797862,2017-11-12,478.95
5797862,2017-11-13,478.95
5797862,2017-11-14,478.95
5797862,2017-11-15,478.75
5797862,2017-11-16,478.75
5797862,2017-11-17,460.69
5797862,2017-11-18,459.37
5797862,2017-11-19,459.37
5797862,2017-11-20,454.48
5797862,2017-11-21,454.48
5797862,2017-11-22,449.49
5797862,2017-11-23,449.49
5797862,2017-11-24,449.49
5797862,2017-11-25,458.95
5797862,2017-11-26,458.95
5797862,2017-11-27,458.95
5797862,2017-11-28,458.84
5797862,2017-11-29,452.2
5797862,2017-11-30,440.43
5797862,2017-12-01,440.43
5797862,2017-12-02,440.43
5797862,2017-12-03,440.43
5797862,2017-12-04,440.43
5797862,2017-12-05,440.43
5797862,2017-12-06,440.43
5797862,2017-12-07,440.43
5797862,2017-12-08,440.43
5797862,2017-12-09,440.43
5797862,2017-12-10,439.07
5797862,2017-12-11,434.13
5797862,2017-12-12,434.13
5797862,2017-12-13,448.78
5797862,2017-12-14,447.0
5797862,2017-12-15,459.99
5797862,2017-12-16,459.99
5797862,2017-12-17,459.99
5797862,2017-12-18,459.99
5797862,2017-12-19,479.99
5797862,2017-12-20,479.99
5797862,2017-12-21,479.99
5797862,2017-12-22,479.99
5797862,2017-12-23,479.99
5797862,2017-12-24,479.99
5797862,2017-12-25,479.99
5797862,2017-12-26,479.99
5797862,2017-12-27,477.0
5797862,2017-12-28,479.99
5797862,2017-12-29,479.99
5797862,2017-12-30,479.99
5797862,2017-12-31,479.99
5797862,2018-01-01,479.99
5797862,2018-01-02,478.59
5797862,2018-01-03,478.59
5797862,2018-01-04,459.99
5797862,2018-01-05,487.84
5797862,2018-01-06,480.62
5797862,2018-01-07,488.61
5797862,2018-01-08,488.61
5797862,2018-01-09,489.0
5797862,2018-01-10,479.99
5797862,2018-01-11,479.99
5797862,2018-01-12,479.99
5797862,2018-01-13,499.99
5797862,2018-01-14,489.0
5797862,2018-01-15,489.0
5797862,2018-01-16,494.95
5797862,2018-01-17,494.95
5797862,2018-01-18,494.95
5797862,2018-01-19,529.95
5797862,2018-01-20,529.95
5797862,2018-01-21,529.95
5797862,2018-01-22,529.95
5797862,2018-01-23,529.95
5797862,2018-01-24,565.29
5797862,2018-01-25,558.69
5797862,2018-01-26,569.95
5797862,2018-01-27,569.95
5797862,2018-01-28,579.0
5797862,2018-01-29,579.0
5797862,2018-01-30,579.0
5797862,2018-01-31,606.67
5797862,2018-02-01,606.67
5797862,2018-02-02,649.0
5797862,2018-02-03,639.0
5797862,2018-02-04,639.0
5797862,2018-02-05,649.0
5797862,2018-02-06,679.0
5797862,2018-02-07,679.0
5797862,2018-02-08,679.0
5797862,2018-02-09,679.0
5797862,2018-02-10,649.99
5063116,2017-08-10,425.62
5063116,2017-08-11,431.23
5063116,2017-08-12,435.22
5063116,2017-08-13,435.22
5063116,2017-08-14,435.22
5063116,2017-08-15,443.84
5063116,2017-08-16,439.0
5063116,2017-08-17,438.95
5063116,2017-08-18,439.0
5063116,2017-08-19,429.9
5063116,2017-08-20,429.9
5063116,2017-08-21,429.9
5063116,2017-08-22,429.9
5063116,2017-08-23,429.9
5063116,2017-08-24,429.0
5063116,2017-08-25,429.0
5063116,2017-08-26,429.0
5063116,2017-08-27,429.0
5063116,2017-08-28,429.0
5063116,2017-08-29,429.0
5063116,2017-08-30,429.0
5063116,2017-08-31,410.09
5063116,2017-09-01,402.03
5063116,2017-09-02,405.71
5063116,2017-09-03,424.85
5063116,2017-09-04,424.9
5063116,2017-09-05,429.0
5063116,2017-09-06,419.7
5063116,2017-09-07,428.96
5063116,2017-09-08,428.24
5063116,2017-09-09,410.99
5063116,2017-09-10,429.0
5063116,2017-09-11,429.0
5063116,2017-09-12,429.0
5063116,2017-09-13,429.0
5063116,2017-09-14,429.0
5063116,2017-09-15,429.0
5063116,2017-09-16,414.59
5063116,2017-09-17,429.0
5063116,2017-09-18,429.0
5063116,2017-09-19,429.0
5063116,2017-09-20,413.1
5063116,2017-09-21,413.26
5063116,2017-09-22,429.0
5063116,2017-09-23,423.67
5063116,2017-09-24,423.67
5063116,2017-09-25,423.67
5063116,2017-09-26,429.0
5063116,2017-09-27,429.0
5063116,2017-09-28,428.95
5063116,2017-09-29,419.29
5063116,2017-09-30,408.14
5063116,2017-10-01,408.14
5063116,2017-10-02,408.14
5063116,2017-10-03,414.51
5063116,2017-10-04,414.51
5063116,2017-10-05,416.07
5063116,2017-10-06,415.95
5063116,2017-10-07,404.9
5063116,2017-10-08,404.9
5063116,2017-10-09,404.9
5063116,2017-10-10,404.9
5063116,2017-10-11,404.9
5063116,2017-10-12,404.9
5063116,2017-10-13,404.9
5063116,2017-10-14,404.9
5063116,2017-10-15,404.9
5063116,2017-10-16,404.9
5063116,2017-10-17,427.93
5063116,2017-10-18,425.53
5063116,2017-10-19,425.47
5063116,2017-10-20,425.41
5063116,2017-10-21,425.35
5063116,2017-10-22,425.29
5063116,2017-10-23,425.29
5063116,2017-10-24,425.23
5063116,2017-10-25,425.17
5063116,2017-10-26,425.11
5063116,2017-10-27,425.05
5063116,2017-10-28,420.46
5063116,2017-10-29,394.7
5063116,2017-10-30,391.59
5063116,2017-10-31,394.7
5063116,2017-11-01,429.0
5063116,2017-11-02,429.0
5063116,2017-11-03,429.0
5063116,2017-11-04,429.0
5063116,2017-11-05,429.0
5063116,2017-11-06,428.99
5063116,2017-11-07,428.99
5063116,2017-11-08,429.0
5063116,2017-11-09,429.0
5063116,2017-11-10,429.0
5063116,2017-11-11,428.02
5063116,2017-11-12,429.0
5063116,2017-11-13,429.0
5063116,2017-11-14,429.0
5063116,2017-11-15,428.92
5063116,2017-11-16,428.92
5063116,2017-11-17,423.33
5063116,2017-11-18,423.28
5063116,2017-11-19,424.92
5063116,2017-11-20,428.92
5063116,2017-11-21,427.37
5063116,2017-11-22,424.79
5063116,2017-11-23,412.74
5063116,2017-11-24,428.0
5063116,2017-11-25,421.92
5063116,2017-11-26,427.99
5063116,2017-11-27,427.99
5063116,2017-11-28,427.99
5063116,2017-11-29,420.13
5063116,2017-11-30,421.21
5063116,2017-12-01,421.21
5063116,2017-12-02,428.0
5063116,2017-12-03,428.0
5063116,2017-12-04,421.87
5063116,2017-12-05,429.21
5063116,2017-12-06,429.99
5063116,2017-12-07,429.99
5063116,2017-12-08,429.99
5063116,2017-12-09,429.99
5063116,2017-12-10,427.68
5063116,2017-12-11,403.32
5063116,2017-12-12,429.99
5063116,2017-12-13,429.99
5063116,2017-12-14,429.99
5063116,2017-12-15,432.88
5063116,2017-12-16,432.88
5063116,2017-12-17,432.88
5063116,2017-12-18,432.88
5063116,2017-12-19,432.88
5063116,2017-12-20,432.88
5063116,2017-12-21,432.88
5063116,2017-12-22,432.88
5063116,2017-12-23,432.88
5063116,2017-12-24,432.88
5063116,2017-12-25,432.88
5063116,2017-12-26,432.88
5063116,2017-12-27,432.88
5063116,2017-12-28,432.88
5063116,2017-12-29,431.79
5063116,2017-12-30,431.79
5063116,2017-12-31,431.79
5063116,2018-01-01,431.79
5063116,2018-01-02,429.99
5063116,2018-01-03,428.19
5063116,2018-01-04,428.99
5063116,2018-01-05,427.59
5063116,2018-01-06,427.59
5063116,2018-01-07,427.59
5063116,2018-01-08,440.09
5063116,2018-01-09,461.39
5063116,2018-01-10,432.99
5063116,2018-01-11,432.99
5063116,2018-01-12,445.7
5063116,2018-01-13,432.99
5063116,2018-01-14,445.7
5063116,2018-01-15,450.65
5063116,2018-01-16,445.29
5063116,2018-01-17,445.29
5063116,2018-01-18,445.29
5063116,2018-01-19,469.41
5063116,2018-01-20,469.41
5063116,2018-01-21,478.2
5063116,2018-01-22,495.0
5063116,2018-01-23,495.0
5063116,2018-01-24,499.99
5063116,2018-01-25,491.3
5063116,2018-01-26,491.3
5063116,2018-01-27,491.3
5063116,2018-01-28,491.3
5063116,2018-01-29,491.3
5063116,2018-01-30,491.3
5063116,2018-01-31,513.04
5063116,2018-02-01,579.99
5063116,2018-02-02,598.99
5063116,2018-02-03,603.0
5063116,2018-02-04,603.0
5063116,2018-02-05,603.0
5063116,2018-02-06,604.9
5063116,2018-02-07,529.0
5063116,2018-02-08,624.9
5063116,2018-02-09,624.9
5063116,2018-02-10,622.79
5041185,2017-08-10,429.83
5041185,2017-08-11,429.72
5041185,2017-08-12,429.66
5041185,2017-08-13,429.6
5041185,2017-08-14,429.6
5041185,2017-08-15,419.0
5041185,2017-08-16,419.0
5041185,2017-08-17,433.95
5041185,2017-08-18,433.95
5041185,2017-08-19,433.95
5041185,2017-08-20,433.95
5041185,2017-08-21,434.0
5041185,2017-08-22,434.0
5041185,2017-08-23,429.17
5041185,2017-08-24,429.17
5041185,2017-08-25,411.89
5041185,2017-08-26,411.89
5041185,2017-08-27,434.0
5041185,2017-08-28,430.38
5041185,2017-08-29,434.0
5041185,2017-08-30,434.0
5041185,2017-08-31,437.87
5041185,2017-09-01,437.81
5041185,2017-09-02,449.0
5041185,2017-09-03,435.3
5041185,2017-09-04,418.19
5041185,2017-09-05,449.73
5041185,2017-09-06,449.73
5041185,2017-09-07,418.33
5041185,2017-09-08,418.33
5041185,2017-09-09,449.78
5041185,2017-09-10,449.78
5041185,2017-09-11,449.71
5041185,2017-09-12,449.89
5041185,2017-09-13,449.89
5041185,2017-09-14,429.17
5041185,2017-09-15,429.17
5041185,2017-09-16,449.6
5041185,2017-09-17,449.6
5041185,2017-09-18,449.54
5041185,2017-09-19,449.48
5041185,2017-09-20,449.47
5041185,2017-09-21,449.47
5041185,2017-09-22,446.84
5041185,2017-09-23,442.66
5041185,2017-09-24,442.66
5041185,2017-09-25,442.66
5041185,2017-09-26,405.91
5041185,2017-09-27,444.34
5041185,2017-09-28,444.34
5041185,2017-09-29,405.91
5041185,2017-09-30,405.91
5041185,2017-10-01,405.91
5041185,2017-10-02,405.91
5041185,2017-10-03,405.91
5041185,2017-10-04,405.91
5041185,2017-10-05,449.0
5041185,2017-10-06,439.0
5041185,2017-10-07,438.95
5041185,2017-10-08,438.95
5041185,2017-10-09,438.95
5041185,2017-10-10,438.95
5041185,2017-10-11,444.34
5041185,2017-10-12,444.33
5041185,2017-10-13,444.33
5041185,2017-10-14,444.22
5041185,2017-10-15,444.15
5041185,2017-10-16,444.15
5041185,2017-10-17,429.17
5041185,2017-10-18,411.25
5041185,2017-10-19,411.14
5041185,2017-10-20,413.68
5041185,2017-10-21,413.68
5041185,2017-10-22,413.68
5041185,2017-10-23,413.68
5041185,2017-10-24,425.52
5041185,2017-10-25,410.05
5041185,2017-10-26,405.91
5041185,2017-10-27,405.91
5041185,2017-10-28,436.52
5041185,2017-10-29,436.46
5041185,2017-10-30,434.57
5041185,2017-10-31,434.57
5041185,2017-11-01,439.61
5041185,2017-11-02,437.04
5041185,2017-11-03,437.04
5041185,2017-11-04,434.58
5041185,2017-11-05,434.46
5041185,2017-11-06,434.46
5041185,2017-11-07,434.45
5041185,2017-11-08,435.09
5041185,2017-11-09,431.98
5041185,2017-11-10,405.91
5041185,2017-11-11,405.91
5041185,2017-11-12,405.91
5041185,2017-11-13,410.73
5041185,2017-11-14,406.84
5041185,2017-11-15,406.84
5041185,2017-11-16,405.1
5041185,2017-11-17,405.91
5041185,2017-11-18,405.91
5041185,2017-11-19,386.39
5041185,2017-11-20,349.49
5041185,2017-11-21,397.46
5041185,2017-11-22,404.65
5041185,2017-11-23,404.59
5041185,2017-11-24,404.59
5041185,2017-11-25,397.45
5041185,2017-11-26,397.45
5041185,2017-11-27,397.45
5041185,2017-11-28,397.45
5041185,2017-11-29,401.04
5041185,2017-11-30,392.68
5041185,2017-12-01,397.4
5041185,2017-12-02,397.4
5041185,2017-12-03,405.81
5041185,2017-12-04,405.81
5041185,2017-12-05,412.39
5041185,2017-12-06,412.39
5041185,2017-12-07,413.8
5041185,2017-12-08,387.72
5041185,2017-12-09,413.99
5041185,2017-12-10,407.96
5041185,2017-12-11,412.65
5041185,2017-12-12,412.65
5041185,2017-12-13,413.84
5041185,2017-12-14,416.36
5041185,2017-12-15,387.72
5041185,2017-12-16,387.72
5041185,2017-12-17,387.72
5041185,2017-12-18,387.72
5041185,2017-12-19,413.99
5041185,2017-12-20,413.99
5041185,2017-12-21,422.0
5041185,2017-12-22,429.31
5041185,2017-12-23,412.14
5041185,2017-12-24,412.14
5041185,2017-12-25,412.14
5041185,2017-12-26,412.14
5041185,2017-12-27,429.9
5041185,2017-12-28,429.9
5041185,2017-12-29,399.99
5041185,2017-12-30,382.89
5041185,2017-12-31,382.89
5041185,2018-01-01,382.89
5041185,2018-01-02,381.68
5041185,2018-01-03,381.68
5041185,2018-01-04,399.95
5041185,2018-01-05,429.97
5041185,2018-01-06,448.79
5041185,2018-01-07,448.79
5041185,2018-01-08,448.79
5041185,2018-01-09,459.18
5041185,2018-01-10,459.18
5041185,2018-01-11,459.02
5041185,2018-01-12,459.02
5041185,2018-01-13,459.02
5041185,2018-01-14,459.02
5041185,2018-01-15,459.02
5041185,2018-01-16,459.02
5041185,2018-01-17,459.02
5041185,2018-01-18,471.89
5041185,2018-01-19,471.89
5041185,2018-01-20,477.08
5041185,2018-01-21,473.0
5041185,2018-01-22,477.08
5041185,2018-01-23,492.34
5041185,2018-01-24,492.34
5041185,2018-01-25,440.0
5041185,2018-01-26,506.9
5041185,2018-01-27,529.0
5041185,2018-01-28,529.0
5041185,2018-01-29,543.99
5041185,2018-01-30,484.32
5041185,2018-01-31,549.0
5041185,2018-02-01,549.0
5041185,2018-02-02,570.0
5041185,2018-02-03,553.06
5041185,2018-02-04,553.11
5041185,2018-02-05,553.05
5041185,2018-02-06,599.9
5041185,2018-02-07,589.25
5041185,2018-02-08,578.95
5041185,2018-02-09,578.95
5041185,2018-02-10,589.25
5043258,2017-08-10,433.0
5043258,2017-08-11,431.85
5043258,2017-08-12,438.9
5043258,2017-08-13,436.49
5043258,2017-08-14,436.49
5043258,2017-08-15,435.9
5043258,2017-08-16,435.9
5043258,2017-08-17,399.0
5043258,2017-08-18,448.61
5043258,2017-08-19,448.61
5043258,2017-08-20,448.61
5043258,2017-08-21,399.0
5043258,2017-08-22,448.95
5043258,2017-08-23,403.93
5043258,2017-08-24,438.45
5043258,2017-08-25,385.91
5043258,2017-08-26,393.9
5043258,2017-08-27,396.9
5043258,2017-08-28,399.91
5043258,2017-08-29,415.88
5043258,2017-08-30,415.88
5043258,2017-08-31,398.9
5043258,2017-09-01,395.9
5043258,2017-09-02,395.9
5043258,2017-09-03,395.9
5043258,2017-09-04,399.99
5043258,2017-09-05,392.95
5043258,2017-09-06,419.9
5043258,2017-09-07,419.9
5043258,2017-09-08,399.0
5043258,2017-09-09,399.0
5043258,2017-09-10,399.0
5043258,2017-09-11,399.85
5043258,2017-09-12,399.9
5043258,2017-09-13,414.9
5043258,2017-09-14,399.9
5043258,2017-09-15,399.0
5043258,2017-09-16,399.9
5043258,2017-09-17,399.9
5043258,2017-09-18,398.16
5043258,2017-09-19,399.9
5043258,2017-09-20,399.85
5043258,2017-09-21,399.85
5043258,2017-09-22,399.0
5043258,2017-09-23,399.0
5043258,2017-09-24,399.0
5043258,2017-09-25,399.79
5043258,2017-09-26,399.79
5043258,2017-09-27,399.85
5043258,2017-09-28,407.85
5043258,2017-09-29,399.0
5043258,2017-09-30,389.9
5043258,2017-10-01,389.9
5043258,2017-10-02,398.95
5043258,2017-10-03,389.9
5043258,2017-10-04,398.95
5043258,2017-10-05,398.94
5043258,2017-10-06,398.94
5043258,2017-10-07,389.9
5043258,2017-10-08,389.9
5043258,2017-10-09,389.9
5043258,2017-10-10,389.9
5043258,2017-10-11,389.9
5043258,2017-10-12,389.9
5043258,2017-10-13,389.9
5043258,2017-10-14,389.9
5043258,2017-10-15,389.9
5043258,2017-10-16,389.9
5043258,2017-10-17,385.29
5043258,2017-10-18,385.29
5043258,2017-10-19,385.29
5043258,2017-10-20,385.29
5043258,2017-10-21,385.29
5043258,2017-10-22,385.29
5043258,2017-10-23,385.29
5043258,2017-10-24,385.29
5043258,2017-10-25,385.29
5043258,2017-10-26,395.27
5043258,2017-10-27,395.27
5043258,2017-10-28,395.81
5043258,2017-10-29,395.69
5043258,2017-10-30,395.69
5043258,2017-10-31,395.75
5043258,2017-11-01,391.92
5043258,2017-11-02,391.86
5043258,2017-11-03,391.74
5043258,2017-11-04,391.68
5043258,2017-11-05,391.68
5043258,2017-11-06,407.9
5043258,2017-11-07,391.56
5043258,2017-11-08,391.56
5043258,2017-11-09,391.5
5043258,2017-11-10,391.5
5043258,2017-11-11,399.43
5043258,2017-11-12,406.9
5043258,2017-11-13,408.9
5043258,2017-11-14,408.9
5043258,2017-11-15,408.9
5043258,2017-11-16,408.9
5043258,2017-11-17,408.9
5043258,2017-11-18,408.9
5043258,2017-11-19,408.9
5043258,2017-11-20,408.9
5043258,2017-11-21,409.88
5043258,2017-11-22,409.88
5043258,2017-11-23,409.88
5043258,2017-11-24,409.88
5043258,2017-11-25,399.0
5043258,2017-11-26,399.0
5043258,2017-11-27,409.88
5043258,2017-11-28,409.88
5043258,2017-11-29,409.88
5043258,2017-11-30,409.88
5043258,2017-12-01,409.88
5043258,2017-12-02,391.44
5043258,2017-12-03,409.88
5043258,2017-12-04,409.88
5043258,2017-12-05,409.88
5043258,2017-12-06,409.88
5043258,2017-12-07,409.88
5043258,2017-12-08,409.88
5043258,2017-12-09,407.34
5043258,2017-12-10,407.34
5043258,2017-12-11,407.34
5043258,2017-12-12,407.34
5043258,2017-12-13,409.88
5043258,2017-12-14,409.88
5043258,2017-12-15,400.47
5043258,2017-12-16,409.87
5043258,2017-12-17,409.87
5043258,2017-12-18,409.88
5043258,2017-12-19,409.88
5043258,2017-12-20,409.88
5043258,2017-12-21,409.88
5043258,2017-12-22,409.88
5043258,2017-12-23,409.88
5043258,2017-12-24,409.88
5043258,2017-12-25,409.88
5043258,2017-12-26,409.88
5043258,2017-12-27,409.88
5043258,2017-12-28,409.88
5043258,2017-12-29,409.88
5043258,2017-12-30,409.88
5043258,2017-12-31,409.88
5043258,2018-01-01,409.88
5043258,2018-01-02,409.88
5043258,2018-01-03,409.88
5043258,2018-01-04,409.88
5043258,2018-01-05,409.88
5043258,2018-01-06,419.72
5043258,2018-01-07,419.72
5043258,2018-01-08,419.72
5043258,2018-01-09,439.72
5043258,2018-01-10,439.72
5043258,2018-01-11,439.72
5043258,2018-01-12,439.72
5043258,2018-01-13,439.72
5043258,2018-01-14,439.72
5043258,2018-01-15,439.72
5043258,2018-01-16,484.95
5043258,2018-01-17,484.95
5043258,2018-01-18,484.95
5043258,2018-01-19,484.95
5043258,2018-01-20,484.95
5043258,2018-01-21,484.95
5043258,2018-01-22,484.95
5043258,2018-01-23,529.95
5043258,2018-01-24,529.95
5043258,2018-01-25,549.0
5043258,2018-01-26,539.9
5043258,2018-01-27,406.99
5043258,2018-01-28,406.99
5043258,2018-01-29,520.0
5043258,2018-01-30,545.0
5043258,2018-01-31,545.0
5043258,2018-02-01,545.0
5043258,2018-02-02,572.49
5043258,2018-02-03,572.49
5043258,2018-02-04,572.49
5043258,2018-02-05,599.0
5043258,2018-02-06,599.0
5043258,2018-02-07,599.0
5043258,2018-02-08,589.0
5043258,2018-02-09,589.0
5043258,2018-02-10,599.0
5499768,2017-08-10,335.89
5499768,2017-08-11,335.79
5499768,2017-08-12,335.79
5499768,2017-08-13,333.99
5499768,2017-08-14,333.99
5499768,2017-08-15,398.95
5499768,2017-08-16,399.0
5499768,2017-08-17,399.0
5499768,2017-08-18,399.0
5499768,2017-08-19,347.9
5499768,2017-08-20,347.9
5499768,2017-08-21,347.9
5499768,2017-08-22,347.9
5499768,2017-08-23,347.9
5499768,2017-08-24,347.9
5499768,2017-08-25,347.9
5499768,2017-08-26,347.9
5499768,2017-08-27,347.9
5499768,2017-08-28,347.9
5499768,2017-08-29,347.9
5499768,2017-08-30,347.9
5499768,2017-08-31,347.9
5499768,2017-09-01,347.9
5499768,2017-09-02,333.9
5499768,2017-09-03,333.9
5499768,2017-09-04,333.9
5499768,2017-09-05,333.9
5499768,2017-09-06,333.9
5499768,2017-09-07,333.9
5499768,2017-09-08,333.9
5499768,2017-09-09,333.9
5499768,2017-09-10,333.9
5499768,2017-09-11,333.9
5499768,2017-09-12,322.89
5499768,2017-09-13,322.89
5499768,2017-09-14,322.89
5499768,2017-09-15,322.89
5499768,2017-09-16,322.89
5499768,2017-09-17,322.89
5499768,2017-09-18,322.89
5499768,2017-09-19,322.89
5499768,2017-09-20,322.89
5499768,2017-09-21,329.89
5499768,2017-09-22,359.0
5499768,2017-09-23,359.0
5499768,2017-09-24,359.0
5499768,2017-09-25,358.95
5499768,2017-09-26,358.95
5499768,2017-09-27,358.95
5499768,2017-09-28,353.4
5499768,2017-09-29,353.4
5499768,2017-09-30,359.0
5499768,2017-10-01,359.0
5499768,2017-10-02,359.0
5499768,2017-10-03,359.0
5499768,2017-10-04,349.0
5499768,2017-10-05,349.0
5499768,2017-10-06,338.95
5499768,2017-10-07,338.95
5499768,2017-10-08,338.95
5499768,2017-10-09,338.85
5499768,2017-10-10,337.85
5499768,2017-10-11,337.85
5499768,2017-10-12,334.95
5499768,2017-10-13,334.85
5499768,2017-10-14,334.85
5499768,2017-10-15,334.85
5499768,2017-10-16,334.85
5499768,2017-10-17,334.85
5499768,2017-10-18,338.79
5499768,2017-10-19,328.95
5499768,2017-10-20,328.95
5499768,2017-10-21,328.83
5499768,2017-10-22,328.83
5499768,2017-10-23,328.77
5499768,2017-10-24,328.71
5499768,2017-10-25,328.65
5499768,2017-10-26,309.9
5499768,2017-10-27,309.84
5499768,2017-10-28,309.83
5499768,2017-10-29,309.89
5499768,2017-10-30,309.89
5499768,2017-10-31,309.89
5499768,2017-11-01,309.89
5499768,2017-11-02,309.89
5499768,2017-11-03,309.89
5499768,2017-11-04,310.1
5499768,2017-11-05,310.09
5499768,2017-11-06,310.04
5499768,2017-11-07,310.04
5499768,2017-11-08,308.95
5499768,2017-11-09,308.89
5499768,2017-11-10,308.88
5499768,2017-11-11,308.88
5499768,2017-11-12,308.48
5499768,2017-11-13,305.1
5499768,2017-11-14,310.12
5499768,2017-11-15,310.13
5499768,2017-11-16,310.08
5499768,2017-11-17,310.11
5499768,2017-11-18,310.15
5499768,2017-11-19,310.15
5499768,2017-11-20,310.15
5499768,2017-11-21,306.24
5499768,2017-11-22,306.24
5499768,2017-11-23,309.67
5499768,2017-11-24,308.79
5499768,2017-11-25,310.05
5499768,2017-11-26,310.1
5499768,2017-11-27,310.1
5499768,2017-11-28,310.09
5499768,2017-11-29,310.09
5499768,2017-11-30,310.09
5499768,2017-12-01,310.12
5499768,2017-12-02,310.11
5499768,2017-12-03,310.11
5499768,2017-12-04,310.11
5499768,2017-12-05,310.11
5499768,2017-12-06,310.11
5499768,2017-12-07,310.1
5499768,2017-12-08,310.1
5499768,2017-12-09,310.12
5499768,2017-12-10,310.12
5499768,2017-12-11,307.62
5499768,2017-12-12,307.62
5499768,2017-12-13,309.65
5499768,2017-12-14,309.65
5499768,2017-12-15,309.65
5499768,2017-12-16,309.65
5499768,2017-12-17,309.65
5499768,2017-12-18,309.65
5499768,2017-12-19,309.65
5499768,2017-12-20,319.0
5499768,2017-12-21,315.9
5499768,2017-12-22,315.9
5499768,2017-12-23,318.95
5499768,2017-12-24,318.95
5499768,2017-12-25,318.95
5499768,2017-12-26,318.95
5499768,2017-12-27,318.95
5499768,2017-12-28,318.95
5499768,2017-12-29,318.95
5499768,2017-12-30,318.95
5499768,2017-12-31,318.95
5499768,2018-01-01,318.95
5499768,2018-01-02,318.95
5499768,2018-01-03,299.99
5499768,2018-01-04,299.99
5499768,2018-01-05,299.99
5499768,2018-01-06,299.99
5499768,2018-01-07,359.0
5499768,2018-01-08,359.0
5499768,2018-01-09,359.0
5499768,2018-01-10,359.0
5499768,2018-01-11,320.99
5499768,2018-01-12,320.99
5499768,2018-01-13,350.01
5499768,2018-01-14,349.95
5499768,2018-01-15,338.9
5499768,2018-01-16,338.9
5499768,2018-01-17,369.95
5499768,2018-01-18,358.9
5499768,2018-01-19,399.0
5499768,2018-01-20,399.0
5499768,2018-01-21,399.0
5499768,2018-01-22,399.0
5499768,2018-01-23,399.0
5499768,2018-01-24,449.9
5499768,2018-01-25,449.9
5499768,2018-01-26,479.9
5499768,2018-01-27,479.9
5499768,2018-01-28,479.9
5499768,2018-01-29,479.9
5499768,2018-01-30,479.9
5499768,2018-01-31,509.9
5499768,2018-02-01,509.9
5499768,2018-02-02,509.9
5499768,2018-02-03,509.9
5499768,2018-02-04,337.6
5499768,2018-02-05,509.9
5499768,2018-02-06,509.9
5499768,2018-02-07,508.83
5499768,2018-02-08,508.83
5499768,2018-02-09,508.83
5499768,2018-02-10,498.95
5499289,2017-08-10,359.99
5499289,2017-08-11,357.29
5499289,2017-08-12,374.0
5499289,2017-08-13,374.0
5499289,2017-08-14,374.0
5499289,2017-08-15,379.0
5499289,2017-08-16,379.0
5499289,2017-08-17,376.47
5499289,2017-08-18,376.5
5499289,2017-08-19,376.5
5499289,2017-08-20,375.59
5499289,2017-08-21,375.59
5499289,2017-08-22,375.59
5499289,2017-08-23,379.0
5499289,2017-08-24,379.0
5499289,2017-08-25,325.19
5499289,2017-08-26,359.59
5499289,2017-08-27,356.99
5499289,2017-08-28,356.99
5499289,2017-08-29,356.99
5499289,2017-08-30,349.0
5499289,2017-08-31,353.19
5499289,2017-09-01,379.0
5499289,2017-09-02,346.0
5499289,2017-09-03,346.0
5499289,2017-09-04,346.0
5499289,2017-09-05,346.0
5499289,2017-09-06,346.0
5499289,2017-09-07,346.0
5499289,2017-09-08,346.0
5499289,2017-09-09,346.0
5499289,2017-09-10,346.0
5499289,2017-09-11,346.0
5499289,2017-09-12,346.0
5499289,2017-09-13,346.0
5499289,2017-09-14,346.0
5499289,2017-09-15,346.0
5499289,2017-09-16,346.0
5499289,2017-09-17,346.0
5499289,2017-09-18,346.0
5499289,2017-09-19,346.0
5499289,2017-09-20,346.0
5499289,2017-09-21,346.0
5499289,2017-09-22,346.0
5499289,2017-09-23,346.0
5499289,2017-09-24,346.0
5499289,2017-09-25,346.0
5499289,2017-09-26,346.0
5499289,2017-09-27,346.0
5499289,2017-09-28,346.0
5499289,2017-09-29,346.0
5499289,2017-09-30,346.0
5499289,2017-10-01,346.0
5499289,2017-10-02,346.0
5499289,2017-10-03,346.0
5499289,2017-10-04,339.0
5499289,2017-10-05,339.0
5499289,2017-10-06,339.0
5499289,2017-10-07,339.0
5499289,2017-10-08,333.7
5499289,2017-10-09,333.7
5499289,2017-10-10,331.28
5499289,2017-10-11,333.39
5499289,2017-10-12,331.43
5499289,2017-10-13,329.78
5499289,2017-10-14,331.83
5499289,2017-10-15,331.82
5499289,2017-10-16,331.83
5499289,2017-10-17,338.95
5499289,2017-10-18,320.95
5499289,2017-10-19,319.95
5499289,2017-10-20,319.95
5499289,2017-10-21,318.95
5499289,2017-10-22,318.95
5499289,2017-10-23,317.95
5499289,2017-10-24,317.95
5499289,2017-10-25,326.54
5499289,2017-10-26,318.95
5499289,2017-10-27,318.95
5499289,2017-10-28,318.95
5499289,2017-10-29,318.95
5499289,2017-10-30,318.95
5499289,2017-10-31,318.95
5499289,2017-11-01,318.95
5499289,2017-11-02,318.89
5499289,2017-11-03,318.89
5499289,2017-11-04,318.83
5499289,2017-11-05,318.77
5499289,2017-11-06,318.71
5499289,2017-11-07,318.65
5499289,2017-11-08,318.65
5499289,2017-11-09,318.65
5499289,2017-11-10,283.83
5499289,2017-11-11,318.95
5499289,2017-11-12,320.75
5499289,2017-11-13,320.75
5499289,2017-11-14,320.75
5499289,2017-11-15,320.75
5499289,2017-11-16,280.18
5499289,2017-11-17,319.9
5499289,2017-11-18,319.9
5499289,2017-11-19,319.9
5499289,2017-11-20,319.9
5499289,2017-11-21,319.9
5499289,2017-11-22,309.9
5499289,2017-11-23,306.69
5499289,2017-11-24,306.69
5499289,2017-11-25,309.0
5499289,2017-11-26,309.0
5499289,2017-11-27,309.0
5499289,2017-11-28,307.99
5499289,2017-11-29,307.99
5499289,2017-11-30,307.28
5499289,2017-12-01,306.97
5499289,2017-12-02,306.97
5499289,2017-12-03,306.97
5499289,2017-12-04,306.97
5499289,2017-12-05,309.0
5499289,2017-12-06,306.97
5499289,2017-12-07,308.95
5499289,2017-12-08,308.95
5499289,2017-12-09,309.0
5499289,2017-12-10,309.0
5499289,2017-12-11,309.99
5499289,2017-12-12,309.99
5499289,2017-12-13,309.99
5499289,2017-12-14,306.92
5499289,2017-12-15,309.99
5499289,2017-12-16,309.99
5499289,2017-12-17,309.99
5499289,2017-12-18,299.0
5499289,2017-12-19,299.0
5499289,2017-12-20,309.99
5499289,2017-12-21,309.99
5499289,2017-12-22,309.99
5499289,2017-12-23,309.99
5499289,2017-12-24,309.99
5499289,2017-12-25,309.99
5499289,2017-12-26,309.99
5499289,2017-12-27,309.99
5499289,2017-12-28,309.99
5499289,2017-12-29,309.99
5499289,2017-12-30,309.99
5499289,2017-12-31,309.99
5499289,2018-01-01,309.99
5499289,2018-01-02,309.99
5499289,2018-01-03,309.99
5499289,2018-01-04,309.99
5499289,2018-01-05,350.0
5499289,2018-01-06,312.69
5499289,2018-01-07,312.69
5499289,2018-01-08,312.69
5499289,2018-01-09,359.85
5499289,2018-01-10,359.9
5499289,2018-01-11,309.99
5499289,2018-01-12,369.9
5499289,2018-01-13,369.9
5499289,2018-01-14,369.9
5499289,2018-01-15,369.9
5499289,2018-01-16,377.0
5499289,2018-01-17,389.9
5499289,2018-01-18,389.9
5499289,2018-01-19,389.9
5499289,2018-01-20,408.16
5499289,2018-01-21,399.0
5499289,2018-01-22,408.16
5499289,2018-01-23,408.16
5499289,2018-01-24,419.95
5499289,2018-01-25,487.0
5499289,2018-01-26,399.0
5499289,2018-01-27,480.99
5499289,2018-01-28,454.9
5499289,2018-01-29,454.9
5499289,2018-01-30,454.9
5499289,2018-01-31,449.0
5499289,2018-02-01,449.0
5499289,2018-02-02,469.0
5499289,2018-02-03,469.0
5499289,2018-02-04,469.0
5499289,2018-02-05,469.0
5499289,2018-02-06,469.0
5499289,2018-02-07,469.0
5499289,2018-02-08,459.0
5499289,2018-02-09,459.0
5499289,2018-02-10,469.0
5500191,2017-08-10,377.77
5500191,2017-08-11,377.77
5500191,2017-08-12,382.5
5500191,2017-08-13,384.0
5500191,2017-08-14,384.0
5500191,2017-08-15,384.2
5500191,2017-08-16,389.0
5500191,2017-08-17,389.0
5500191,2017-08-18,377.77
5500191,2017-08-19,378.0
5500191,2017-08-20,378.0
5500191,2017-08-21,378.0
5500191,2017-08-22,389.0
5500191,2017-08-23,389.0
5500191,2017-08-24,349.0
5500191,2017-08-25,349.0
5500191,2017-08-26,349.0
5500191,2017-08-27,349.0
5500191,2017-08-28,349.0
5500191,2017-08-29,360.05
5500191,2017-08-30,360.05
5500191,2017-08-31,319.5
5500191,2017-09-01,322.49
5500191,2017-09-02,322.49
5500191,2017-09-03,322.49
5500191,2017-09-04,323.79
5500191,2017-09-05,323.79
5500191,2017-09-06,322.9
5500191,2017-09-07,336.29
5500191,2017-09-08,334.59
5500191,2017-09-09,334.59
5500191,2017-09-10,333.49
5500191,2017-09-11,333.49
5500191,2017-09-12,333.49
5500191,2017-09-13,335.09
5500191,2017-09-14,337.59
5500191,2017-09-15,337.49
5500191,2017-09-16,337.49
5500191,2017-09-17,335.79
5500191,2017-09-18,335.79
5500191,2017-09-19,359.0
5500191,2017-09-20,334.99
5500191,2017-09-21,334.09
5500191,2017-09-22,359.0
5500191,2017-09-23,359.0
5500191,2017-09-24,359.0
5500191,2017-09-25,359.0
5500191,2017-09-26,335.79
5500191,2017-09-27,379.9
5500191,2017-09-28,379.0
5500191,2017-09-29,379.0
5500191,2017-09-30,372.0
5500191,2017-10-01,359.17
5500191,2017-10-02,372.0
5500191,2017-10-03,369.0
5500191,2017-10-04,360.65
5500191,2017-10-05,360.65
5500191,2017-10-06,341.49
5500191,2017-10-07,341.49
5500191,2017-10-08,340.9
5500191,2017-10-09,340.9
5500191,2017-10-10,338.67
5500191,2017-10-11,339.52
5500191,2017-10-12,335.44
5500191,2017-10-13,329.95
5500191,2017-10-14,308.07
5500191,2017-10-15,332.0
5500191,2017-10-16,332.0
5500191,2017-10-17,331.7
5500191,2017-10-18,331.7
5500191,2017-10-19,320.24
5500191,2017-10-20,319.72
5500191,2017-10-21,326.66
5500191,2017-10-22,319.0
5500191,2017-10-23,319.0
5500191,2017-10-24,319.0
5500191,2017-10-25,319.0
5500191,2017-10-26,317.0
5500191,2017-10-27,316.98
5500191,2017-10-28,316.98
5500191,2017-10-29,318.21
5500191,2017-10-30,316.14
5500191,2017-10-31,304.94
5500191,2017-11-01,304.93
5500191,2017-11-02,312.64
5500191,2017-11-03,318.0
5500191,2017-11-04,298.49
5500191,2017-11-05,304.39
5500191,2017-11-06,297.4
5500191,2017-11-07,304.33
5500191,2017-11-08,304.27
5500191,2017-11-09,304.27
5500191,2017-11-10,304.0
5500191,2017-11-11,302.49
5500191,2017-11-12,302.43
5500191,2017-11-13,299.2
5500191,2017-11-14,299.2
5500191,2017-11-15,299.0
5500191,2017-11-16,286.23
5500191,2017-11-17,298.99
5500191,2017-11-18,286.23
5500191,2017-11-19,286.23
5500191,2017-11-20,286.23
5500191,2017-11-21,296.17
5500191,2017-11-22,304.0
5500191,2017-11-23,304.0
5500191,2017-11-24,299.9
5500191,2017-11-25,298.99
5500191,2017-11-26,299.9
5500191,2017-11-27,299.9
5500191,2017-11-28,304.0
5500191,2017-11-29,311.89
5500191,2017-11-30,289.0
5500191,2017-12-01,289.0
5500191,2017-12-02,279.94
5500191,2017-12-03,288.49
5500191,2017-12-04,288.49
5500191,2017-12-05,298.95
5500191,2017-12-06,304.39
5500191,2017-12-07,305.0
5500191,2017-12-08,299.0
5500191,2017-12-09,309.0
5500191,2017-12-10,309.0
5500191,2017-12-11,309.0
5500191,2017-12-12,306.0
5500191,2017-12-13,309.0
5500191,2017-12-14,306.88
5500191,2017-12-15,308.95
5500191,2017-12-16,308.95
5500191,2017-12-17,308.95
5500191,2017-12-18,314.99
5500191,2017-12-19,305.78
5500191,2017-12-20,309.95
5500191,2017-12-21,312.0
5500191,2017-12-22,319.0
5500191,2017-12-23,322.44
5500191,2017-12-24,322.49
5500191,2017-12-25,322.49
5500191,2017-12-26,326.95
5500191,2017-12-27,326.95
5500191,2017-12-28,327.9
5500191,2017-12-29,329.0
5500191,2017-12-30,329.0
5500191,2017-12-31,329.0
5500191,2018-01-01,329.0
5500191,2018-01-02,329.95
5500191,2018-01-03,345.98
5500191,2018-01-04,329.95
5500191,2018-01-05,329.95
5500191,2018-01-06,354.0
5500191,2018-01-07,354.0
5500191,2018-01-08,354.0
5500191,2018-01-09,354.0
5500191,2018-01-10,359.0
5500191,2018-01-11,359.0
5500191,2018-01-12,349.0
5500191,2018-01-13,359.0
5500191,2018-01-14,369.0
5500191,2018-01-15,369.0
5500191,2018-01-16,369.95
5500191,2018-01-17,369.95
5500191,2018-01-18,369.95
5500191,2018-01-19,409.0
5500191,2018-01-20,369.95
5500191,2018-01-21,369.95
5500191,2018-01-22,369.95
5500191,2018-01-23,369.95
5500191,2018-01-24,439.0
5500191,2018-01-25,438.71
5500191,2018-01-26,469.0
5500191,2018-01-27,469.0
5500191,2018-01-28,469.0
5500191,2018-01-29,469.0
5500191,2018-01-30,469.0
5500191,2018-01-31,469.0
5500191,2018-02-01,469.0
5500191,2018-02-02,469.0
5500191,2018-02-03,469.0
5500191,2018-02-04,469.0
5500191,2018-02-05,469.0
5500191,2018-02-06,469.0
5500191,2018-02-07,469.0
5500191,2018-02-08,468.94
5500191,2018-02-09,468.94
5500191,2018-02-10,469.0
5501162,2017-08-10,299.9
5501162,2017-08-11,299.9
5501162,2017-08-12,299.9
5501162,2017-08-13,299.9
5501162,2017-08-14,299.9
5501162,2017-08-15,299.9
5501162,2017-08-16,299.9
5501162,2017-08-17,279.0
5501162,2017-08-18,279.0
5501162,2017-08-19,279.0
5501162,2017-08-20,279.0
5501162,2017-08-21,279.0
5501162,2017-08-22,279.0
5501162,2017-08-23,279.0
5501162,2017-08-24,279.0
5501162,2017-08-25,269.61
5501162,2017-08-26,269.61
5501162,2017-08-27,269.61
5501162,2017-08-28,269.61
5501162,2017-08-29,269.61
5501162,2017-08-30,259.0
5501162,2017-08-31,259.0
5501162,2017-09-01,221.7
5501162,2017-09-02,199.17
5501162,2017-09-03,199.17
5501162,2017-09-04,199.17
5501162,2017-09-05,227.89
5501162,2017-09-06,227.59
5501162,2017-09-07,234.59
5501162,2017-09-08,234.59
5501162,2017-09-09,211.27
5501162,2017-09-10,211.27
5501162,2017-09-11,211.27
5501162,2017-09-12,230.88
5501162,2017-09-13,233.79
5501162,2017-09-14,235.49
5501162,2017-09-15,235.49
5501162,2017-09-16,234.29
5501162,2017-09-17,234.29
5501162,2017-09-18,234.29
5501162,2017-09-19,279.0
5501162,2017-09-20,233.69
5501162,2017-09-21,233.09
5501162,2017-09-22,279.0
5501162,2017-09-23,279.0
5501162,2017-09-24,279.0
5501162,2017-09-25,234.49
5501162,2017-09-26,234.29
5501162,2017-09-27,284.9
5501162,2017-09-28,282.15
5501162,2017-09-29,282.15
5501162,2017-09-30,282.15
5501162,2017-10-01,282.15
5501162,2017-10-02,279.0
5501162,2017-10-03,278.98
5501162,2017-10-04,249.9
5501162,2017-10-05,238.09
5501162,2017-10-06,238.09
5501162,2017-10-07,240.89
5501162,2017-10-08,240.89
5501162,2017-10-09,240.89
5501162,2017-10-10,241.19
5501162,2017-10-11,240.09
5501162,2017-10-12,240.09
5501162,2017-10-13,258.95
5501162,2017-10-14,264.85
5501162,2017-10-15,264.85
5501162,2017-10-16,264.85
5501162,2017-10-17,239.89
5501162,2017-10-18,241.2
5501162,2017-10-19,240.39
5501162,2017-10-20,240.39
5501162,2017-10-21,254.06
5501162,2017-10-22,247.27
5501162,2017-10-23,245.69
5501162,2017-10-24,245.69
5501162,2017-10-25,240.38
5501162,2017-10-26,250.2
5501162,2017-10-27,255.85
5501162,2017-10-28,243.05
5501162,2017-10-29,253.53
5501162,2017-10-30,253.53
5501162,2017-10-31,253.47
5501162,2017-11-01,253.47
5501162,2017-11-02,249.85
5501162,2017-11-03,239.09
5501162,2017-11-04,236.22
5501162,2017-11-05,236.22
5501162,2017-11-06,238.75
5501162,2017-11-07,238.75
5501162,2017-11-08,238.69
5501162,2017-11-09,238.63
5501162,2017-11-10,238.63
5501162,2017-11-11,235.9
5501162,2017-11-12,235.78
5501162,2017-11-13,235.72
5501162,2017-11-14,235.66
5501162,2017-11-15,235.66
5501162,2017-11-16,226.49
5501162,2017-11-17,235.6
5501162,2017-11-18,235.6
5501162,2017-11-19,235.89
5501162,2017-11-20,235.89
5501162,2017-11-21,235.89
5501162,2017-11-22,180.29
5501162,2017-11-23,229.9
5501162,2017-11-24,229.46
5501162,2017-11-25,229.45
5501162,2017-11-26,229.45
5501162,2017-11-27,219.9
5501162,2017-11-28,219.9
5501162,2017-11-29,219.9
5501162,2017-11-30,219.9
5501162,2017-12-01,209.99
5501162,2017-12-02,219.9
5501162,2017-12-03,219.9
5501162,2017-12-04,223.99
5501162,2017-12-05,223.99
5501162,2017-12-06,223.99
5501162,2017-12-07,223.99
5501162,2017-12-08,223.99
5501162,2017-12-09,223.99
5501162,2017-12-10,223.99
5501162,2017-12-11,219.4
5501162,2017-12-12,219.4
5501162,2017-12-13,219.4
5501162,2017-12-14,223.99
5501162,2017-12-15,223.99
5501162,2017-12-16,221.83
5501162,2017-12-17,221.44
5501162,2017-12-18,221.44
5501162,2017-12-19,216.58
5501162,2017-12-20,223.99
5501162,2017-12-21,223.99
5501162,2017-12-22,223.99
5501162,2017-12-23,223.99
5501162,2017-12-24,223.99
5501162,2017-12-25,223.99
5501162,2017-12-26,223.99
5501162,2017-12-27,223.99
5501162,2017-12-28,223.99
5501162,2017-12-29,223.99
5501162,2017-12-30,223.99
5501162,2017-12-31,223.99
5501162,2018-01-01,223.99
5501162,2018-01-02,223.99
5501162,2018-01-03,223.99
5501162,2018-01-04,223.99
5501162,2018-01-05,225.75
5501162,2018-01-06,239.81
5501162,2018-01-07,238.29
5501162,2018-01-08,238.29
5501162,2018-01-09,238.29
5501162,2018-01-10,258.9
5501162,2018-01-11,223.99
5501162,2018-01-12,229.0
5501162,2018-01-13,248.86
5501162,2018-01-14,248.86
5501162,2018-01-15,248.86
5501162,2018-01-16,300.0
5501162,2018-01-17,300.0
5501162,2018-01-18,279.41
5501162,2018-01-19,312.65
5501162,2018-01-20,314.57
5501162,2018-01-21,314.57
5501162,2018-01-22,314.57
5501162,2018-01-23,329.0
5501162,2018-01-24,330.19
5501162,2018-01-25,359.0
5501162,2018-01-26,299.0
5501162,2018-01-27,299.0
5501162,2018-01-28,359.0
5501162,2018-01-29,359.0
5501162,2018-01-30,359.0
5501162,2018-01-31,329.0
5501162,2018-02-01,359.99
5501162,2018-02-02,274.0
5501162,2018-02-03,398.29
5501162,2018-02-04,398.29
5501162,2018-02-05,398.29
5501162,2018-02-06,399.0
5501162,2018-02-07,399.0
5501162,2018-02-08,389.9
5501162,2018-02-09,389.9
5501162,2018-02-10,395.0
5501492,2017-08-10,272.79
5501492,2017-08-11,269.0
5501492,2017-08-12,269.0
5501492,2017-08-13,272.79
5501492,2017-08-14,272.79
5501492,2017-08-15,272.79
5501492,2017-08-16,272.79
5501492,2017-08-17,273.21
5501492,2017-08-18,273.21
5501492,2017-08-19,289.85
5501492,2017-08-20,289.85
5501492,2017-08-21,275.24
5501492,2017-08-22,275.24
5501492,2017-08-23,271.38
5501492,2017-08-24,262.32
5501492,2017-08-25,289.85
5501492,2017-08-26,289.85
5501492,2017-08-27,289.85
5501492,2017-08-28,289.9
5501492,2017-08-29,269.0
5501492,2017-08-30,269.0
5501492,2017-08-31,286.14
5501492,2017-09-01,274.89
5501492,2017-09-02,229.99
5501492,2017-09-03,229.99
5501492,2017-09-04,229.99
5501492,2017-09-05,229.99
5501492,2017-09-06,229.99
5501492,2017-09-07,244.99
5501492,2017-09-08,244.99
5501492,2017-09-09,244.99
5501492,2017-09-10,244.99
5501492,2017-09-11,244.99
5501492,2017-09-12,244.99
5501492,2017-09-13,244.99
5501492,2017-09-14,244.99
5501492,2017-09-15,244.99
5501492,2017-09-16,244.99
5501492,2017-09-17,244.99
5501492,2017-09-18,244.99
5501492,2017-09-19,244.99
5501492,2017-09-20,254.99
5501492,2017-09-21,254.99
5501492,2017-09-22,284.42
5501492,2017-09-23,284.99
5501492,2017-09-24,296.94
5501492,2017-09-25,296.94
5501492,2017-09-26,296.94
5501492,2017-09-27,254.99
5501492,2017-09-28,254.99
5501492,2017-09-29,254.99
5501492,2017-09-30,254.99
5501492,2017-10-01,254.99
5501492,2017-10-02,254.99
5501492,2017-10-03,254.99
5501492,2017-10-04,254.99
5501492,2017-10-05,254.99
5501492,2017-10-06,254.99
5501492,2017-10-07,254.99
5501492,2017-10-08,254.99
5501492,2017-10-09,254.99
5501492,2017-10-10,254.99
5501492,2017-10-11,254.99
5501492,2017-10-12,254.99
5501492,2017-10-13,278.95
5501492,2017-10-14,254.99
5501492,2017-10-15,254.99
5501492,2017-10-16,254.99
5501492,2017-10-17,279.0
5501492,2017-10-18,279.0
5501492,2017-10-19,278.33
5501492,2017-10-20,278.33
5501492,2017-10-21,254.94
5501492,2017-10-22,254.94
5501492,2017-10-23,254.94
5501492,2017-10-24,254.94
5501492,2017-10-25,271.95
5501492,2017-10-26,271.95
5501492,2017-10-27,254.99
5501492,2017-10-28,254.99
5501492,2017-10-29,254.99
5501492,2017-10-30,254.99
5501492,2017-10-31,254.99
5501492,2017-11-01,244.99
5501492,2017-11-02,244.99
5501492,2017-11-03,244.99
5501492,2017-11-04,239.0
5501492,2017-11-05,239.0
5501492,2017-11-06,239.0
5501492,2017-11-07,239.0
5501492,2017-11-08,239.0
5501492,2017-11-09,239.0
5501492,2017-11-10,239.0
5501492,2017-11-11,240.86
5501492,2017-11-12,240.86
5501492,2017-11-13,239.12
5501492,2017-11-14,239.12
5501492,2017-11-15,239.13
5501492,2017-11-16,239.12
5501492,2017-11-17,235.45
5501492,2017-11-18,235.4
5501492,2017-11-19,235.35
5501492,2017-11-20,235.35
5501492,2017-11-21,235.4
5501492,2017-11-22,235.4
5501492,2017-11-23,235.4
5501492,2017-11-24,235.45
5501492,2017-11-25,235.45
5501492,2017-11-26,234.9
5501492,2017-11-27,234.9
5501492,2017-11-28,234.9
5501492,2017-11-29,205.9
5501492,2017-11-30,205.9
5501492,2017-12-01,205.9
5501492,2017-12-02,205.9
5501492,2017-12-03,205.9
5501492,2017-12-04,205.9
5501492,2017-12-05,214.9
5501492,2017-12-06,214.9
5501492,2017-12-07,236.0
5501492,2017-12-08,236.0
5501492,2017-12-09,236.0
5501492,2017-12-10,236.99
5501492,2017-12-11,244.99
5501492,2017-12-12,244.99
5501492,2017-12-13,244.94
5501492,2017-12-14,239.9
5501492,2017-12-15,239.9
5501492,2017-12-16,239.9
5501492,2017-12-17,239.9
5501492,2017-12-18,239.9
5501492,2017-12-19,239.9
5501492,2017-12-20,239.9
5501492,2017-12-21,244.95
5501492,2017-12-22,244.95
5501492,2017-12-23,246.99
5501492,2017-12-24,246.99
5501492,2017-12-25,246.99
5501492,2017-12-26,246.99
5501492,2017-12-27,246.99
5501492,2017-12-28,246.99
5501492,2017-12-29,246.99
5501492,2017-12-30,246.99
5501492,2017-12-31,246.99
5501492,2018-01-01,246.99
5501492,2018-01-02,246.99
5501492,2018-01-03,246.99
5501492,2018-01-04,246.99
5501492,2018-01-05,246.99
5501492,2018-01-06,246.94
5501492,2018-01-07,246.99
5501492,2018-01-08,246.99
5501492,2018-01-09,268.95
5501492,2018-01-10,268.95
5501492,2018-01-11,269.9
5501492,2018-01-12,269.9
5501492,2018-01-13,269.99
5501492,2018-01-14,269.99
5501492,2018-01-15,269.99
5501492,2018-01-16,269.99
5501492,2018-01-17,269.99
5501492,2018-01-18,269.99
5501492,2018-01-19,269.99
5501492,2018-01-20,269.99
5501492,2018-01-21,299.0
5501492,2018-01-22,299.0
5501492,2018-01-23,299.0
5501492,2018-01-24,299.0
5501492,2018-01-25,339.99
5501492,2018-01-26,357.95
5501492,2018-01-27,357.95
5501492,2018-01-28,359.9
5501492,2018-01-29,359.9
5501492,2018-01-30,359.9
5501492,2018-01-31,359.9
5501492,2018-02-01,359.9
5501492,2018-02-02,359.9
5501492,2018-02-03,359.9
5501492,2018-02-04,359.9
5501492,2018-02-05,359.9
5501492,2018-02-06,349.99
5501492,2018-02-07,346.9
5501492,2018-02-08,359.9
5501492,2018-02-09,359.9
5501492,2018-02-10,358.95
5499775,2017-08-10,267.99
5499775,2017-08-11,265.69
5499775,2017-08-12,265.59
5499775,2017-08-13,265.59
5499775,2017-08-14,264.19
5499775,2017-08-15,264.19
5499775,2017-08-16,259.99
5499775,2017-08-17,279.0
5499775,2017-08-18,289.9
5499775,2017-08-19,279.0
5499775,2017-08-20,289.9
5499775,2017-08-21,279.0
5499775,2017-08-22,259.99
5499775,2017-08-23,259.99
5499775,2017-08-24,259.99
5499775,2017-08-25,289.89
5499775,2017-08-26,289.9
5499775,2017-08-27,289.9
5499775,2017-08-28,289.9
5499775,2017-08-29,290.2
5499775,2017-08-30,288.09
5499775,2017-08-31,287.1
5499775,2017-09-01,287.1
5499775,2017-09-02,289.79
5499775,2017-09-03,259.99
5499775,2017-09-04,259.99
5499775,2017-09-05,278.9
5499775,2017-09-06,259.99
5499775,2017-09-07,259.99
5499775,2017-09-08,259.99
5499775,2017-09-09,254.99
5499775,2017-09-10,259.99
5499775,2017-09-11,259.99
5499775,2017-09-12,259.99
5499775,2017-09-13,259.99
5499775,2017-09-14,259.99
5499775,2017-09-15,257.99
5499775,2017-09-16,259.99
5499775,2017-09-17,259.99
5499775,2017-09-18,259.99
5499775,2017-09-19,259.99
5499775,2017-09-20,259.99
5499775,2017-09-21,259.99
5499775,2017-09-22,269.99
5499775,2017-09-23,269.99
5499775,2017-09-24,269.99
5499775,2017-09-25,269.99
5499775,2017-09-26,269.99
5499775,2017-09-27,269.99
5499775,2017-09-28,269.99
5499775,2017-09-29,269.99
5499775,2017-09-30,269.99
5499775,2017-10-01,269.99
5499775,2017-10-02,288.95
5499775,2017-10-03,283.95
5499775,2017-10-04,280.95
5499775,2017-10-05,277.3
5499775,2017-10-06,277.3
5499775,2017-10-07,278.83
5499775,2017-10-08,278.32
5499775,2017-10-09,278.32
5499775,2017-10-10,275.85
5499775,2017-10-11,269.0
5499775,2017-10-12,268.94
5499775,2017-10-13,268.88
5499775,2017-10-14,229.0
5499775,2017-10-15,229.0
5499775,2017-10-16,229.0
5499775,2017-10-17,236.66
5499775,2017-10-18,259.94
5499775,2017-10-19,259.0
5499775,2017-10-20,258.94
5499775,2017-10-21,255.0
5499775,2017-10-22,254.94
5499775,2017-10-23,254.94
5499775,2017-10-24,254.88
5499775,2017-10-25,254.82
5499775,2017-10-26,254.76
5499775,2017-10-27,254.7
5499775,2017-10-28,254.64
5499775,2017-10-29,254.52
5499775,2017-10-30,254.46
5499775,2017-10-31,254.4
5499775,2017-11-01,254.34
5499775,2017-11-02,244.9
5499775,2017-11-03,244.89
5499775,2017-11-04,244.0
5499775,2017-11-05,243.32
5499775,2017-11-06,243.27
5499775,2017-11-07,240.44
5499775,2017-11-08,240.44
5499775,2017-11-09,240.38
5499775,2017-11-10,240.37
5499775,2017-11-11,244.89
5499775,2017-11-12,244.89
5499775,2017-11-13,244.89
5499775,2017-11-14,244.89
5499775,2017-11-15,244.89
5499775,2017-11-16,244.89
5499775,2017-11-17,244.89
5499775,2017-11-18,244.89
5499775,2017-11-19,243.39
5499775,2017-11-20,243.09
5499775,2017-11-21,243.09
5499775,2017-11-22,244.49
5499775,2017-11-23,243.27
5499775,2017-11-24,242.05
5499775,2017-11-25,240.84
5499775,2017-11-26,239.64
5499775,2017-11-27,238.44
5499775,2017-11-28,238.44
5499775,2017-11-29,232.0
5499775,2017-11-30,234.0
5499775,2017-12-01,239.95
5499775,2017-12-02,245.0
5499775,2017-12-03,244.82
5499775,2017-12-04,239.15
5499775,2017-12-05,243.99
5499775,2017-12-06,240.36
5499775,2017-12-07,241.57
5499775,2017-12-08,243.99
5499775,2017-12-09,243.99
5499775,2017-12-10,243.99
5499775,2017-12-11,241.57
5499775,2017-12-12,241.57
5499775,2017-12-13,246.0
5499775,2017-12-14,246.0
5499775,2017-12-15,245.94
5499775,2017-12-16,245.88
5499775,2017-12-17,245.82
5499775,2017-12-18,249.9
5499775,2017-12-19,249.9
5499775,2017-12-20,249.9
5499775,2017-12-21,249.9
5499775,2017-12-22,249.9
5499775,2017-12-23,249.9
5499775,2017-12-24,249.9
5499775,2017-12-25,249.9
5499775,2017-12-26,249.9
5499775,2017-12-27,249.9
5499775,2017-12-28,249.9
5499775,2017-12-29,257.79
5499775,2017-12-30,257.81
5499775,2017-12-31,257.81
5499775,2018-01-01,257.58
5499775,2018-01-02,257.11
5499775,2018-01-03,257.25
5499775,2018-01-04,259.0
5499775,2018-01-05,255.31
5499775,2018-01-06,270.9
5499775,2018-01-07,274.95
5499775,2018-01-08,249.38
5499775,2018-01-09,274.95
5499775,2018-01-10,274.95
5499775,2018-01-11,274.95
5499775,2018-01-12,274.95
5499775,2018-01-13,294.9
5499775,2018-01-14,294.9
5499775,2018-01-15,299.0
5499775,2018-01-16,299.0
5499775,2018-01-17,299.0
5499775,2018-01-18,299.95
5499775,2018-01-19,305.0
5499775,2018-01-20,329.0
5499775,2018-01-21,329.0
5499775,2018-01-22,329.0
5499775,2018-01-23,377.49
5499775,2018-01-24,359.0
5499775,2018-01-25,389.0
5499775,2018-01-26,389.0
5499775,2018-01-27,389.0
5499775,2018-01-28,389.0
5499775,2018-01-29,389.0
5499775,2018-01-30,409.0
5499775,2018-01-31,409.0
5499775,2018-02-01,409.0
5499775,2018-02-02,359.99
5499775,2018-02-03,359.99
5499775,2018-02-04,359.99
5499775,2018-02-05,359.99
5499775,2018-02-06,359.99
5499775,2018-02-07,359.99
5499775,2018-02-08,359.99
5499775,2018-02-09,359.99
5499775,2018-02-10,359.99
