key,date,price
GeForce GTX 1080 Ti,2018-02-09T23:00:00.000Z,34.0839984796655
GeForce GTX 1080 Ti,2018-02-08T23:00:00.000Z,34.83228810338271
GeForce GTX 1080 Ti,2018-02-07T23:00:00.000Z,34.83228810338271
GeForce GTX 1080 Ti,2018-02-06T23:00:00.000Z,25.80055112124669
GeForce GTX 1080 Ti,2018-02-05T23:00:00.000Z,26.605853287723292
GeForce GTX 1080 Ti,2018-02-04T23:00:00.000Z,26.652888635499792
GeForce GTX 1080 Ti,2018-02-03T23:00:00.000Z,26.652888635499792
GeForce GTX 1080 Ti,2018-02-02T23:00:00.000Z,32.454389965792465
GeForce GTX 1080 Ti,2018-02-01T23:00:00.000Z,26.237647282402133
GeForce GTX 1080 Ti,2018-01-31T23:00:00.000Z,26.567844925883687
GeForce GTX 1080 Ti,2018-01-30T23:00:00.000Z,19.036963131889024
GeForce GTX 1080 Ti,2018-01-29T23:00:00.000Z,14.262637780311643
GeForce GTX 1080 Ti,2018-01-28T23:00:00.000Z,16.39300646142153
GeForce GTX 1080 Ti,2018-01-27T23:00:00.000Z,16.39300646142153
GeForce GTX 1080 Ti,2018-01-26T23:00:00.000Z,16.39300646142153
GeForce GTX 1080 Ti,2018-01-25T23:00:00.000Z,16.58304827061954
GeForce GTX 1080 Ti,2018-01-24T23:00:00.000Z,18.40459901178256
GeForce GTX 1080 Ti,2018-01-23T23:00:00.000Z,18.646902318510044
GeForce GTX 1080 Ti,2018-01-22T23:00:00.000Z,15.110699353857829
GeForce GTX 1080 Ti,2018-01-21T23:00:00.000Z,15.05843785632839
GeForce GTX 1080 Ti,2018-01-20T23:00:00.000Z,13.93481565944506
GeForce GTX 1080 Ti,2018-01-19T23:00:00.000Z,13.41172557962749
GeForce GTX 1080 Ti,2018-01-18T23:00:00.000Z,13.29865070315467
GeForce GTX 1080 Ti,2018-01-17T23:00:00.000Z,12.504751045229936
GeForce GTX 1080 Ti,2018-01-16T23:00:00.000Z,13.59511592550361
GeForce GTX 1080 Ti,2018-01-15T23:00:00.000Z,10.271759787153147
GeForce GTX 1080 Ti,2018-01-14T23:00:00.000Z,8.53192702394527
GeForce GTX 1080 Ti,2018-01-13T23:00:00.000Z,7.961801596351199
GeForce GTX 1080 Ti,2018-01-12T23:00:00.000Z,7.628753325731657
GeForce GTX 1080 Ti,2018-01-11T23:00:00.000Z,6.137400228050163
GeForce GTX 1080 Ti,2018-01-10T23:00:00.000Z,5.8523375142531275
GeForce GTX 1080 Ti,2018-01-09T23:00:00.000Z,1.778791334093503
GeForce GTX 1080 Ti,2018-01-08T23:00:00.000Z,-4.009882174078296
GeForce GTX 1080 Ti,2018-01-07T23:00:00.000Z,2.177404028886335
GeForce GTX 1080 Ti,2018-01-06T23:00:00.000Z,2.180254656024303
GeForce GTX 1080 Ti,2018-01-05T23:00:00.000Z,2.171702774610416
GeForce GTX 1080 Ti,2018-01-04T23:00:00.000Z,3.66923223109084
GeForce GTX 1080 Ti,2018-01-03T23:00:00.000Z,3.050171037628291
GeForce GTX 1080 Ti,2018-01-02T23:00:00.000Z,3.050171037628291
GeForce GTX 1080 Ti,2018-01-01T23:00:00.000Z,3.050171037628291
GeForce GTX 1080 Ti,2017-12-31T23:00:00.000Z,3.050171037628291
GeForce GTX 1080 Ti,2017-12-30T23:00:00.000Z,3.050171037628291
GeForce GTX 1080 Ti,2017-12-29T23:00:00.000Z,3.050171037628291
GeForce GTX 1080 Ti,2017-12-28T23:00:00.000Z,2.617350817179781
GeForce GTX 1080 Ti,2017-12-27T23:00:00.000Z,1.6243823641201032
GeForce GTX 1080 Ti,2017-12-26T23:00:00.000Z,2.432060053211698
GeForce GTX 1080 Ti,2017-12-25T23:00:00.000Z,2.432060053211698
GeForce GTX 1080 Ti,2017-12-24T23:00:00.000Z,2.432060053211698
GeForce GTX 1080 Ti,2017-12-23T23:00:00.000Z,2.474819460281263
GeForce GTX 1080 Ti,2017-12-22T23:00:00.000Z,3.333808437856342
GeForce GTX 1080 Ti,2017-12-21T23:00:00.000Z,1.050456100342059
GeForce GTX 1080 Ti,2017-12-20T23:00:00.000Z,1.050456100342059
GeForce GTX 1080 Ti,2017-12-19T23:00:00.000Z,1.455245153933854
GeForce GTX 1080 Ti,2017-12-18T23:00:00.000Z,1.542664386164946
GeForce GTX 1080 Ti,2017-12-17T23:00:00.000Z,2.098061573546184
GeForce GTX 1080 Ti,2017-12-16T23:00:00.000Z,-0.039908779931581005
GeForce GTX 1080 Ti,2017-12-15T23:00:00.000Z,-0.039908779931581005
GeForce GTX 1080 Ti,2017-12-14T23:00:00.000Z,-0.039908779931581005
GeForce GTX 1080 Ti,2017-12-13T23:00:00.000Z,-0.039908779931581005
GeForce GTX 1080 Ti,2017-12-12T23:00:00.000Z,2.439661725579628
GeForce GTX 1080 Ti,2017-12-11T23:00:00.000Z,1.801121246674266
GeForce GTX 1080 Ti,2017-12-10T23:00:00.000Z,1.801121246674266
GeForce GTX 1080 Ti,2017-12-09T23:00:00.000Z,2.52945648042571
GeForce GTX 1080 Ti,2017-12-08T23:00:00.000Z,2.6525085518814153
GeForce GTX 1080 Ti,2017-12-07T23:00:00.000Z,2.69241733181298
GeForce GTX 1080 Ti,2017-12-06T23:00:00.000Z,2.435860889395655
GeForce GTX 1080 Ti,2017-12-05T23:00:00.000Z,0.06461421512733401
GeForce GTX 1080 Ti,2017-12-04T23:00:00.000Z,-1.8063473964272072
GeForce GTX 1080 Ti,2017-12-03T23:00:00.000Z,-1.7151273280121582
GeForce GTX 1080 Ti,2017-12-02T23:00:00.000Z,-0.557297605473215
GeForce GTX 1080 Ti,2017-12-01T23:00:00.000Z,-0.557297605473215
GeForce GTX 1080 Ti,2017-11-30T23:00:00.000Z,-0.237552261497524
GeForce GTX 1080 Ti,2017-11-29T23:00:00.000Z,0.8380843785632671
GeForce GTX 1080 Ti,2017-11-28T23:00:00.000Z,1.033827442037231
GeForce GTX 1080 Ti,2017-11-27T23:00:00.000Z,1.311763587989363
GeForce GTX 1080 Ti,2017-11-26T23:00:00.000Z,2.222538958570873
GeForce GTX 1080 Ti,2017-11-25T23:00:00.000Z,2.222538958570873
GeForce GTX 1080 Ti,2017-11-24T23:00:00.000Z,2.241068034967696
GeForce GTX 1080 Ti,2017-11-23T23:00:00.000Z,0.5482706195363011
GeForce GTX 1080 Ti,2017-11-22T23:00:00.000Z,0.5511212466742691
GeForce GTX 1080 Ti,2017-11-21T23:00:00.000Z,0.16153553781830202
GeForce GTX 1080 Ti,2017-11-20T23:00:00.000Z,0.35300266058531504
GeForce GTX 1080 Ti,2017-11-19T23:00:00.000Z,0.540668947168355
GeForce GTX 1080 Ti,2017-11-18T23:00:00.000Z,1.049980995819081
GeForce GTX 1080 Ti,2017-11-17T23:00:00.000Z,4.986697073356123
GeForce GTX 1080 Ti,2017-11-16T23:00:00.000Z,5.265583428354229
GeForce GTX 1080 Ti,2017-11-15T23:00:00.000Z,5.072690992018232
GeForce GTX 1080 Ti,2017-11-14T23:00:00.000Z,4.763397947548487
GeForce GTX 1080 Ti,2017-11-13T23:00:00.000Z,4.558152793614582
GeForce GTX 1080 Ti,2017-11-12T23:00:00.000Z,4.9482136069935265
GeForce GTX 1080 Ti,2017-11-11T23:00:00.000Z,4.9482136069935265
GeForce GTX 1080 Ti,2017-11-10T23:00:00.000Z,5.015203344735833
GeForce GTX 1080 Ti,2017-11-09T23:00:00.000Z,4.66410110224248
GeForce GTX 1080 Ti,2017-11-08T23:00:00.000Z,4.8014063093880734
GeForce GTX 1080 Ti,2017-11-07T23:00:00.000Z,4.8014063093880734
GeForce GTX 1080 Ti,2017-11-06T23:00:00.000Z,5.6290383884454585
GeForce GTX 1080 Ti,2017-11-05T23:00:00.000Z,6.029076396807291
GeForce GTX 1080 Ti,2017-11-04T23:00:00.000Z,6.031927023945259
GeForce GTX 1080 Ti,2017-11-03T23:00:00.000Z,6.034777651083226
GeForce GTX 1080 Ti,2017-11-02T23:00:00.000Z,6.059958190801957
GeForce GTX 1080 Ti,2017-11-01T23:00:00.000Z,4.416571645762053
GeForce GTX 1080 Ti,2017-10-31T23:00:00.000Z,5.169612314709234
GeForce GTX 1080 Ti,2017-10-30T23:00:00.000Z,6.64338654503991
GeForce GTX 1080 Ti,2017-10-29T23:00:00.000Z,6.108418852147475
GeForce GTX 1080 Ti,2017-10-28T22:00:00.000Z,6.111269479285442
GeForce GTX 1080 Ti,2017-10-27T22:00:00.000Z,5.597206385404802
GeForce GTX 1080 Ti,2017-10-26T22:00:00.000Z,6.129798555682233
GeForce GTX 1080 Ti,2017-10-25T22:00:00.000Z,6.596826301786389
GeForce GTX 1080 Ti,2017-10-24T22:00:00.000Z,6.601577347016351
GeForce GTX 1080 Ti,2017-10-23T22:00:00.000Z,8.60746864310148
GeForce GTX 1080 Ti,2017-10-22T22:00:00.000Z,8.369441277080977
GeForce GTX 1080 Ti,2017-10-21T22:00:00.000Z,5.4171417711896614
GeForce GTX 1080 Ti,2017-10-20T22:00:00.000Z,5.414766248574687
GeForce GTX 1080 Ti,2017-10-19T22:00:00.000Z,6.059007981755985
GeForce GTX 1080 Ti,2017-10-18T22:00:00.000Z,3.526700874192339
GeForce GTX 1080 Ti,2017-10-17T22:00:00.000Z,4.499239832763215
GeForce GTX 1080 Ti,2017-10-16T22:00:00.000Z,4.499239832763215
GeForce GTX 1080 Ti,2017-10-15T22:00:00.000Z,4.098726719878389
GeForce GTX 1080 Ti,2017-10-14T22:00:00.000Z,4.098726719878389
GeForce GTX 1080 Ti,2017-10-13T22:00:00.000Z,4.027936145952124
GeForce GTX 1080 Ti,2017-10-12T22:00:00.000Z,4.027936145952124
GeForce GTX 1080 Ti,2017-10-11T22:00:00.000Z,3.976149752945645
GeForce GTX 1080 Ti,2017-10-10T22:00:00.000Z,4.101577347016356
GeForce GTX 1080 Ti,2017-10-09T22:00:00.000Z,3.173223109084012
GeForce GTX 1080 Ti,2017-10-08T22:00:00.000Z,3.134739642721416
GeForce GTX 1080 Ti,2017-10-07T22:00:00.000Z,4.558152793614614
GeForce GTX 1080 Ti,2017-10-06T22:00:00.000Z,3.87922843025466
GeForce GTX 1080 Ti,2017-10-05T22:00:00.000Z,3.87922843025466
GeForce GTX 1080 Ti,2017-10-04T22:00:00.000Z,4.207525655644223
GeForce GTX 1080 Ti,2017-10-03T22:00:00.000Z,3.799410870391482
GeForce GTX 1080 Ti,2017-10-02T22:00:00.000Z,3.618871151653345
GeForce GTX 1080 Ti,2017-10-01T22:00:00.000Z,3.281546940326869
GeForce GTX 1080 Ti,2017-09-30T22:00:00.000Z,3.395572025845676
GeForce GTX 1080 Ti,2017-09-29T22:00:00.000Z,2.8339984796655093
GeForce GTX 1080 Ti,2017-09-28T22:00:00.000Z,3.466837704294935
GeForce GTX 1080 Ti,2017-09-27T22:00:00.000Z,3.492968453059656
GeForce GTX 1080 Ti,2017-09-26T22:00:00.000Z,2.4434625617635852
GeForce GTX 1080 Ti,2017-09-25T22:00:00.000Z,2.6240022805017222
GeForce GTX 1080 Ti,2017-09-24T22:00:00.000Z,4.8023565184340296
GeForce GTX 1080 Ti,2017-09-23T22:00:00.000Z,4.675978715317362
GeForce GTX 1080 Ti,2017-09-22T22:00:00.000Z,2.462466742683371
GeForce GTX 1080 Ti,2017-09-21T22:00:00.000Z,2.298080577727083
GeForce GTX 1080 Ti,2017-09-20T22:00:00.000Z,2.103287723299108
GeForce GTX 1080 Ti,2017-09-19T22:00:00.000Z,2.138920562523754
GeForce GTX 1080 Ti,2017-09-18T22:00:00.000Z,2.293329532497137
GeForce GTX 1080 Ti,2017-09-17T22:00:00.000Z,2.251045229950583
GeForce GTX 1080 Ti,2017-09-16T22:00:00.000Z,2.251045229950583
GeForce GTX 1080 Ti,2017-09-15T22:00:00.000Z,2.126567844925878
GeForce GTX 1080 Ti,2017-09-14T22:00:00.000Z,2.070030406689469
GeForce GTX 1080 Ti,2017-09-13T22:00:00.000Z,1.5668947168376879
GeForce GTX 1080 Ti,2017-09-12T22:00:00.000Z,1.4148612694792622
GeForce GTX 1080 Ti,2017-09-11T22:00:00.000Z,1.6666666666666572
GeForce GTX 1080 Ti,2017-09-10T22:00:00.000Z,0.8247814519194011
GeForce GTX 1080 Ti,2017-09-09T22:00:00.000Z,0.8247814519194011
GeForce GTX 1080 Ti,2017-09-08T22:00:00.000Z,-0.162010642341329
GeForce GTX 1080 Ti,2017-09-07T22:00:00.000Z,0.8247814519194011
GeForce GTX 1080 Ti,2017-09-06T22:00:00.000Z,0.988692512352725
GeForce GTX 1080 Ti,2017-09-05T22:00:00.000Z,0.988692512352725
GeForce GTX 1080 Ti,2017-09-04T22:00:00.000Z,-1.263778031166841
GeForce GTX 1080 Ti,2017-09-03T22:00:00.000Z,-0.11402508551880701
GeForce GTX 1080 Ti,2017-09-02T22:00:00.000Z,-0.11402508551880701
GeForce GTX 1080 Ti,2017-09-01T22:00:00.000Z,-0.680349676928921
GeForce GTX 1080 Ti,2017-08-31T22:00:00.000Z,-0.680349676928921
GeForce GTX 1080 Ti,2017-08-30T22:00:00.000Z,-1.028601292284306
GeForce GTX 1080 Ti,2017-08-29T22:00:00.000Z,-0.33019764348157304
GeForce GTX 1080 Ti,2017-08-28T22:00:00.000Z,0.25323071075637904
GeForce GTX 1080 Ti,2017-08-27T22:00:00.000Z,0.585803876852925
GeForce GTX 1080 Ti,2017-08-26T22:00:00.000Z,0.588654503990893
GeForce GTX 1080 Ti,2017-08-25T22:00:00.000Z,0.591505131128861
GeForce GTX 1080 Ti,2017-08-24T22:00:00.000Z,0.5943557582668291
GeForce GTX 1080 Ti,2017-08-23T22:00:00.000Z,0.5972063854048131
GeForce GTX 1080 Ti,2017-08-22T22:00:00.000Z,0.6000570125427801
GeForce GTX 1080 Ti,2017-08-21T22:00:00.000Z,1.263302926643863
GeForce GTX 1080 Ti,2017-08-20T22:00:00.000Z,1.247149372862045
GeForce GTX 1080 Ti,2017-08-19T22:00:00.000Z,0.63426453819841
GeForce GTX 1080 Ti,2017-08-18T22:00:00.000Z,-0.130653743823635
GeForce GTX 1080 Ti,2017-08-17T22:00:00.000Z,-0.46037628278219805
GeForce GTX 1080 Ti,2017-08-16T22:00:00.000Z,0.304541999239831
GeForce GTX 1080 Ti,2017-08-15T22:00:00.000Z,0.015203344735844001
GeForce GTX 1080 Ti,2017-08-14T22:00:00.000Z,0.9682630178639241
GeForce GTX 1080 Ti,2017-08-13T22:00:00.000Z,0.9682630178639241
GeForce GTX 1080 Ti,2017-08-12T22:00:00.000Z,0.14728240212848
GeForce GTX 1080 Ti,2017-08-11T22:00:00.000Z,0.715032307107577
GeForce GTX 1080 Ti,2017-08-10T22:00:00.000Z,0.7126567844926041
GeForce GTX 1080 Ti,2017-08-09T22:00:00.000Z,0.0
GeForce GTX 1080,2018-02-09T23:00:00.000Z,33.56083668859864
GeForce GTX 1080,2018-02-08T23:00:00.000Z,31.219788972906915
GeForce GTX 1080,2018-02-07T23:00:00.000Z,31.219788972906915
GeForce GTX 1080,2018-02-06T23:00:00.000Z,27.052713127543683
GeForce GTX 1080,2018-02-05T23:00:00.000Z,26.28891289403907
GeForce GTX 1080,2018-02-04T23:00:00.000Z,23.069494909817003
GeForce GTX 1080,2018-02-03T23:00:00.000Z,23.020393466234587
GeForce GTX 1080,2018-02-02T23:00:00.000Z,27.008521828319527
GeForce GTX 1080,2018-02-01T23:00:00.000Z,25.37180704223815
GeForce GTX 1080,2018-01-31T23:00:00.000Z,24.06243521337305
GeForce GTX 1080,2018-01-30T23:00:00.000Z,15.819393979071869
GeForce GTX 1080,2018-01-29T23:00:00.000Z,16.77468984254802
GeForce GTX 1080,2018-01-28T23:00:00.000Z,13.206106037295266
GeForce GTX 1080,2018-01-27T23:00:00.000Z,14.894650124935893
GeForce GTX 1080,2018-01-26T23:00:00.000Z,13.800779076238182
GeForce GTX 1080,2018-01-25T23:00:00.000Z,9.929948607155728
GeForce GTX 1080,2018-01-24T23:00:00.000Z,7.804401671631378
GeForce GTX 1080,2018-01-23T23:00:00.000Z,10.580815520420742
GeForce GTX 1080,2018-01-22T23:00:00.000Z,7.804401671631378
GeForce GTX 1080,2018-01-21T23:00:00.000Z,7.804401671631378
GeForce GTX 1080,2018-01-20T23:00:00.000Z,6.511396990627075
GeForce GTX 1080,2018-01-19T23:00:00.000Z,5.5811974205374835
GeForce GTX 1080,2018-01-18T23:00:00.000Z,6.857289382085627
GeForce GTX 1080,2018-01-17T23:00:00.000Z,7.583445175510388
GeForce GTX 1080,2018-01-16T23:00:00.000Z,7.312841664211604
GeForce GTX 1080,2018-01-15T23:00:00.000Z,5.228758169934649
GeForce GTX 1080,2018-01-14T23:00:00.000Z,5.228758169934649
GeForce GTX 1080,2018-01-13T23:00:00.000Z,4.804303468744188
GeForce GTX 1080,2018-01-12T23:00:00.000Z,4.421857780396519
GeForce GTX 1080,2018-01-11T23:00:00.000Z,5.130009711174402
GeForce GTX 1080,2018-01-10T23:00:00.000Z,3.220509127412801
GeForce GTX 1080,2018-01-09T23:00:00.000Z,1.224262659988873
GeForce GTX 1080,2018-01-08T23:00:00.000Z,0.9618427226204701
GeForce GTX 1080,2018-01-07T23:00:00.000Z,-0.254781935033344
GeForce GTX 1080,2018-01-06T23:00:00.000Z,-0.276059227252383
GeForce GTX 1080,2018-01-05T23:00:00.000Z,-0.9787554420766661
GeForce GTX 1080,2018-01-04T23:00:00.000Z,1.387388567001651
GeForce GTX 1080,2018-01-03T23:00:00.000Z,0.166944908180297
GeForce GTX 1080,2018-01-02T23:00:00.000Z,-0.21550078016739002
GeForce GTX 1080,2018-01-01T23:00:00.000Z,-0.458825711698138
GeForce GTX 1080,2017-12-31T23:00:00.000Z,-0.43372941831156103
GeForce GTX 1080,2017-12-30T23:00:00.000Z,-0.9362008576385521
GeForce GTX 1080,2017-12-29T23:00:00.000Z,-0.929653998494232
GeForce GTX 1080,2017-12-28T23:00:00.000Z,-0.9231071393498941
GeForce GTX 1080,2017-12-27T23:00:00.000Z,-0.9165602802055751
GeForce GTX 1080,2017-12-26T23:00:00.000Z,-0.276059227252401
GeForce GTX 1080,2017-12-25T23:00:00.000Z,-0.276059227252401
GeForce GTX 1080,2017-12-24T23:00:00.000Z,-0.27278579768022304
GeForce GTX 1080,2017-12-23T23:00:00.000Z,-0.27278579768022304
GeForce GTX 1080,2017-12-22T23:00:00.000Z,0.763254661909295
GeForce GTX 1080,2017-12-21T23:00:00.000Z,-0.2924263751132
GeForce GTX 1080,2017-12-20T23:00:00.000Z,-0.39553940663632603
GeForce GTX 1080,2017-12-19T23:00:00.000Z,0.26787565332198304
GeForce GTX 1080,2017-12-18T23:00:00.000Z,0.585943893417139
GeForce GTX 1080,2017-12-17T23:00:00.000Z,0.16639933658493702
GeForce GTX 1080,2017-12-16T23:00:00.000Z,-2.414154309470031
GeForce GTX 1080,2017-12-15T23:00:00.000Z,-2.410880879897872
GeForce GTX 1080,2017-12-14T23:00:00.000Z,-2.278852553820649
GeForce GTX 1080,2017-12-13T23:00:00.000Z,-2.27557912424847
GeForce GTX 1080,2017-12-12T23:00:00.000Z,-0.8500005455716031
GeForce GTX 1080,2017-12-11T23:00:00.000Z,-0.528113304308927
GeForce GTX 1080,2017-12-10T23:00:00.000Z,-0.384627974729146
GeForce GTX 1080,2017-12-09T23:00:00.000Z,-0.38135454515694905
GeForce GTX 1080,2017-12-08T23:00:00.000Z,-0.38462797472910804
GeForce GTX 1080,2017-12-07T23:00:00.000Z,-0.235686929195727
GeForce GTX 1080,2017-12-06T23:00:00.000Z,-0.064923019847891
GeForce GTX 1080,2017-12-05T23:00:00.000Z,-1.782382402042617
GeForce GTX 1080,2017-12-04T23:00:00.000Z,-1.970604602441972
GeForce GTX 1080,2017-12-03T23:00:00.000Z,-2.152825515292368
GeForce GTX 1080,2017-12-02T23:00:00.000Z,-1.775289971302938
GeForce GTX 1080,2017-12-01T23:00:00.000Z,-1.725097384529765
GeForce GTX 1080,2017-11-30T23:00:00.000Z,-0.33934553231421305
GeForce GTX 1080,2017-11-29T23:00:00.000Z,-0.055102731131412
GeForce GTX 1080,2017-11-28T23:00:00.000Z,-0.05182930155925201
GeForce GTX 1080,2017-11-27T23:00:00.000Z,-0.33279867316987505
GeForce GTX 1080,2017-11-26T23:00:00.000Z,0.35898610974719003
GeForce GTX 1080,2017-11-25T23:00:00.000Z,-0.07256102218293001
GeForce GTX 1080,2017-11-24T23:00:00.000Z,-0.49974358135019104
GeForce GTX 1080,2017-11-23T23:00:00.000Z,-1.812388839787453
GeForce GTX 1080,2017-11-22T23:00:00.000Z,-1.76437853939572
GeForce GTX 1080,2017-11-21T23:00:00.000Z,-1.7611051098235602
GeForce GTX 1080,2017-11-20T23:00:00.000Z,-1.211168941700234
GeForce GTX 1080,2017-11-19T23:00:00.000Z,-1.104782480604948
GeForce GTX 1080,2017-11-18T23:00:00.000Z,-0.500834724540911
GeForce GTX 1080,2017-11-17T23:00:00.000Z,-0.18931334359009303
GeForce GTX 1080,2017-11-16T23:00:00.000Z,0.17240062413387802
GeForce GTX 1080,2017-11-15T23:00:00.000Z,0.17240062413387802
GeForce GTX 1080,2017-11-14T23:00:00.000Z,0.17512848211071502
GeForce GTX 1080,2017-11-13T23:00:00.000Z,0.6077667572315381
GeForce GTX 1080,2017-11-12T23:00:00.000Z,0.642137767739253
GeForce GTX 1080,2017-11-11T23:00:00.000Z,0.645956768906772
GeForce GTX 1080,2017-11-10T23:00:00.000Z,0.415179984069303
GeForce GTX 1080,2017-11-09T23:00:00.000Z,0.19204120156687401
GeForce GTX 1080,2017-11-08T23:00:00.000Z,0.620314903924836
GeForce GTX 1080,2017-11-07T23:00:00.000Z,0.623588333496995
GeForce GTX 1080,2017-11-06T23:00:00.000Z,1.103145765818831
GeForce GTX 1080,2017-11-05T23:00:00.000Z,1.106419195390991
GeForce GTX 1080,2017-11-04T23:00:00.000Z,1.109692624963151
GeForce GTX 1080,2017-11-03T23:00:00.000Z,1.1096926249631691
GeForce GTX 1080,2017-11-02T23:00:00.000Z,1.7714709701354
GeForce GTX 1080,2017-11-01T23:00:00.000Z,1.772016541730778
GeForce GTX 1080,2017-10-31T23:00:00.000Z,0.855456261525203
GeForce GTX 1080,2017-10-30T23:00:00.000Z,0.8805525549117801
GeForce GTX 1080,2017-10-29T23:00:00.000Z,0.7763483801979151
GeForce GTX 1080,2017-10-28T22:00:00.000Z,0.531932305476429
GeForce GTX 1080,2017-10-27T22:00:00.000Z,0.6355909085949331
GeForce GTX 1080,2017-10-26T22:00:00.000Z,0.6983316420613661
GeForce GTX 1080,2017-10-25T22:00:00.000Z,0.8881905572468191
GeForce GTX 1080,2017-10-24T22:00:00.000Z,0.24387050312612601
GeForce GTX 1080,2017-10-23T22:00:00.000Z,0.24496164631684603
GeForce GTX 1080,2017-10-22T22:00:00.000Z,0.247689504293665
GeForce GTX 1080,2017-10-21T22:00:00.000Z,-0.318068240095137
GeForce GTX 1080,2017-10-20T22:00:00.000Z,-0.20131591868801202
GeForce GTX 1080,2017-10-19T22:00:00.000Z,-0.553209597695523
GeForce GTX 1080,2017-10-18T22:00:00.000Z,-1.072593756478654
GeForce GTX 1080,2017-10-17T22:00:00.000Z,0.302792235425058
GeForce GTX 1080,2017-10-16T22:00:00.000Z,0.388446975896647
GeForce GTX 1080,2017-10-15T22:00:00.000Z,0.198588060711194
GeForce GTX 1080,2017-10-14T22:00:00.000Z,0.11893460778858302
GeForce GTX 1080,2017-10-13T22:00:00.000Z,-0.7081519307778831
GeForce GTX 1080,2017-10-12T22:00:00.000Z,-0.7556166595742371
GeForce GTX 1080,2017-10-11T22:00:00.000Z,-1.713640381027187
GeForce GTX 1080,2017-10-10T22:00:00.000Z,-0.32297838445339505
GeForce GTX 1080,2017-10-09T22:00:00.000Z,-1.009307451416861
GeForce GTX 1080,2017-10-08T22:00:00.000Z,-1.009307451416861
GeForce GTX 1080,2017-10-07T22:00:00.000Z,0.625225048283075
GeForce GTX 1080,2017-10-06T22:00:00.000Z,1.069320326906495
GeForce GTX 1080,2017-10-05T22:00:00.000Z,1.072048184883313
GeForce GTX 1080,2017-10-04T22:00:00.000Z,0.604493327659397
GeForce GTX 1080,2017-10-03T22:00:00.000Z,0.610494615208356
GeForce GTX 1080,2017-10-02T22:00:00.000Z,0.275513655657023
GeForce GTX 1080,2017-10-01T22:00:00.000Z,0.165308193394217
GeForce GTX 1080,2017-09-30T22:00:00.000Z,0.285879515968881
GeForce GTX 1080,2017-09-29T22:00:00.000Z,-0.037098868484514005
GeForce GTX 1080,2017-09-28T22:00:00.000Z,-4.70937401115148
GeForce GTX 1080,2017-09-27T22:00:00.000Z,-4.678822001811303
GeForce GTX 1080,2017-09-26T22:00:00.000Z,-0.019095005837617002
GeForce GTX 1080,2017-09-25T22:00:00.000Z,0.259146507796224
GeForce GTX 1080,2017-09-24T22:00:00.000Z,-0.12548146693290302
GeForce GTX 1080,2017-09-23T22:00:00.000Z,-0.16912719456173703
GeForce GTX 1080,2017-09-22T22:00:00.000Z,-0.161489192226679
GeForce GTX 1080,2017-09-21T22:00:00.000Z,-0.286970659159601
GeForce GTX 1080,2017-09-20T22:00:00.000Z,-0.28751623075496
GeForce GTX 1080,2017-09-19T22:00:00.000Z,-0.2776959420385
GeForce GTX 1080,2017-09-18T22:00:00.000Z,-0.45009656617237803
GeForce GTX 1080,2017-09-17T22:00:00.000Z,-0.45009656617237803
GeForce GTX 1080,2017-09-16T22:00:00.000Z,0.07856230973189
GeForce GTX 1080,2017-09-15T22:00:00.000Z,0.082381310899428
GeForce GTX 1080,2017-09-14T22:00:00.000Z,-0.170218337752457
GeForce GTX 1080,2017-09-13T22:00:00.000Z,-0.170218337752457
GeForce GTX 1080,2017-09-12T22:00:00.000Z,-0.164217050203497
GeForce GTX 1080,2017-09-11T22:00:00.000Z,-0.030552009340195002
GeForce GTX 1080,2017-09-10T22:00:00.000Z,-1.016399882156541
GeForce GTX 1080,2017-09-09T22:00:00.000Z,-1.016399882156541
GeForce GTX 1080,2017-09-08T22:00:00.000Z,-2.261939834364453
GeForce GTX 1080,2017-09-07T22:00:00.000Z,-0.7845319541283521
GeForce GTX 1080,2017-09-06T22:00:00.000Z,-0.8734601241721001
GeForce GTX 1080,2017-09-05T22:00:00.000Z,-1.039313889161678
GeForce GTX 1080,2017-09-04T22:00:00.000Z,-2.575097930101369
GeForce GTX 1080,2017-09-03T22:00:00.000Z,-1.31810097439088
GeForce GTX 1080,2017-09-02T22:00:00.000Z,-1.068229183715793
GeForce GTX 1080,2017-09-01T22:00:00.000Z,-1.718550525385446
GeForce GTX 1080,2017-08-31T22:00:00.000Z,-1.881676432398224
GeForce GTX 1080,2017-08-30T22:00:00.000Z,-2.940630898992879
GeForce GTX 1080,2017-08-29T22:00:00.000Z,-1.941689307887894
GeForce GTX 1080,2017-08-28T22:00:00.000Z,-1.208986655318757
GeForce GTX 1080,2017-08-27T22:00:00.000Z,-0.43045598873940105
GeForce GTX 1080,2017-08-26T22:00:00.000Z,-0.449550994577018
GeForce GTX 1080,2017-08-25T22:00:00.000Z,-0.44627756500484006
GeForce GTX 1080,2017-08-24T22:00:00.000Z,0.011457003502559002
GeForce GTX 1080,2017-08-23T22:00:00.000Z,0.28806180235032103
GeForce GTX 1080,2017-08-22T22:00:00.000Z,0.8407258284504651
GeForce GTX 1080,2017-08-21T22:00:00.000Z,0.8390891136643851
GeForce GTX 1080,2017-08-20T22:00:00.000Z,0.605584470850117
GeForce GTX 1080,2017-08-19T22:00:00.000Z,0.6061300424454771
GeForce GTX 1080,2017-08-18T22:00:00.000Z,-0.464826999247116
GeForce GTX 1080,2017-08-17T22:00:00.000Z,-0.25805536460550405
GeForce GTX 1080,2017-08-16T22:00:00.000Z,0.620314903924854
GeForce GTX 1080,2017-08-15T22:00:00.000Z,0.6170414743526951
GeForce GTX 1080,2017-08-14T22:00:00.000Z,-1.020764454919402
GeForce GTX 1080,2017-08-13T22:00:00.000Z,0.870186694599941
GeForce GTX 1080,2017-08-12T22:00:00.000Z,0.38190011675232705
GeForce GTX 1080,2017-08-11T22:00:00.000Z,0.379172258775527
GeForce GTX 1080,2017-08-10T22:00:00.000Z,0.0
GeForce GTX 1080,2017-08-09T22:00:00.000Z,0.0
GeForce GTX 1070 Ti,2018-02-09T23:00:00.000Z,38.037140854940425
GeForce GTX 1070 Ti,2018-02-08T23:00:00.000Z,42.747021723896296
GeForce GTX 1070 Ti,2018-02-07T23:00:00.000Z,42.747021723896296
GeForce GTX 1070 Ti,2018-02-06T23:00:00.000Z,42.389628591450624
GeForce GTX 1070 Ti,2018-02-05T23:00:00.000Z,42.389628591450624
GeForce GTX 1070 Ti,2018-02-04T23:00:00.000Z,39.38262088297128
GeForce GTX 1070 Ti,2018-02-03T23:00:00.000Z,38.68185003503854
GeForce GTX 1070 Ti,2018-02-02T23:00:00.000Z,38.68185003503854
GeForce GTX 1070 Ti,2018-02-01T23:00:00.000Z,39.516468114926454
GeForce GTX 1070 Ti,2018-01-31T23:00:00.000Z,33.61387526278909
GeForce GTX 1070 Ti,2018-01-30T23:00:00.000Z,31.928521373510886
GeForce GTX 1070 Ti,2018-01-29T23:00:00.000Z,27.04625087596358
GeForce GTX 1070 Ti,2018-01-28T23:00:00.000Z,27.540294323756132
GeForce GTX 1070 Ti,2018-01-27T23:00:00.000Z,27.540294323756132
GeForce GTX 1070 Ti,2018-01-26T23:00:00.000Z,23.19201121233358
GeForce GTX 1070 Ti,2018-01-25T23:00:00.000Z,24.803784162578843
GeForce GTX 1070 Ti,2018-01-24T23:00:00.000Z,25.135949544498963
GeForce GTX 1070 Ti,2018-01-23T23:00:00.000Z,24.126839523475823
GeForce GTX 1070 Ti,2018-01-22T23:00:00.000Z,14.168885774351784
GeForce GTX 1070 Ti,2018-01-21T23:00:00.000Z,12.69796776454099
GeForce GTX 1070 Ti,2018-01-20T23:00:00.000Z,12.962158374211628
GeForce GTX 1070 Ti,2018-01-19T23:00:00.000Z,12.261387526278918
GeForce GTX 1070 Ti,2018-01-18T23:00:00.000Z,15.476524176594255
GeForce GTX 1070 Ti,2018-01-17T23:00:00.000Z,9.647512263489837
GeForce GTX 1070 Ti,2018-01-16T23:00:00.000Z,9.086895585143665
GeForce GTX 1070 Ti,2018-01-15T23:00:00.000Z,8.121934127540317
GeForce GTX 1070 Ti,2018-01-14T23:00:00.000Z,4.904695164681158
GeForce GTX 1070 Ti,2018-01-13T23:00:00.000Z,4.904695164681158
GeForce GTX 1070 Ti,2018-01-12T23:00:00.000Z,4.274001401541705
GeForce GTX 1070 Ti,2018-01-11T23:00:00.000Z,2.87245970567626
GeForce GTX 1070 Ti,2018-01-10T23:00:00.000Z,2.238262088297147
GeForce GTX 1070 Ti,2018-01-09T23:00:00.000Z,-0.543798177995778
GeForce GTX 1070 Ti,2018-01-08T23:00:00.000Z,3.152768044849335
GeForce GTX 1070 Ti,2018-01-07T23:00:00.000Z,2.842326559215157
GeForce GTX 1070 Ti,2018-01-06T23:00:00.000Z,2.842326559215157
GeForce GTX 1070 Ti,2018-01-05T23:00:00.000Z,2.278206026629299
GeForce GTX 1070 Ti,2018-01-04T23:00:00.000Z,2.577435178696588
GeForce GTX 1070 Ti,2018-01-03T23:00:00.000Z,-1.66923615977574
GeForce GTX 1070 Ti,2018-01-02T23:00:00.000Z,-0.36580238262088405
GeForce GTX 1070 Ti,2018-01-01T23:00:00.000Z,-0.660126138752625
GeForce GTX 1070 Ti,2017-12-31T23:00:00.000Z,-1.752627890679731
GeForce GTX 1070 Ti,2017-12-30T23:00:00.000Z,-0.562018220042037
GeForce GTX 1070 Ti,2017-12-29T23:00:00.000Z,-0.5655220742817211
GeForce GTX 1070 Ti,2017-12-28T23:00:00.000Z,-0.5655220742817211
GeForce GTX 1070 Ti,2017-12-27T23:00:00.000Z,-0.5655220742817211
GeForce GTX 1070 Ti,2017-12-26T23:00:00.000Z,-0.775052557813607
GeForce GTX 1070 Ti,2017-12-25T23:00:00.000Z,-0.6355991590749781
GeForce GTX 1070 Ti,2017-12-24T23:00:00.000Z,-0.6355991590749781
GeForce GTX 1070 Ti,2017-12-23T23:00:00.000Z,-0.6355991590749781
GeForce GTX 1070 Ti,2017-12-22T23:00:00.000Z,-0.6447091800980951
GeForce GTX 1070 Ti,2017-12-21T23:00:00.000Z,-0.6447091800980951
GeForce GTX 1070 Ti,2017-12-20T23:00:00.000Z,-0.7274001401541531
GeForce GTX 1070 Ti,2017-12-19T23:00:00.000Z,-0.6362999299229101
GeForce GTX 1070 Ti,2017-12-18T23:00:00.000Z,-0.6320953048353171
GeForce GTX 1070 Ti,2017-12-17T23:00:00.000Z,-2.10441485634195
GeForce GTX 1070 Ti,2017-12-16T23:00:00.000Z,-2.10441485634195
GeForce GTX 1070 Ti,2017-12-15T23:00:00.000Z,-2.7785564120532413
GeForce GTX 1070 Ti,2017-12-14T23:00:00.000Z,-2.791871058163951
GeForce GTX 1070 Ti,2017-12-13T23:00:00.000Z,-3.01471618780657
GeForce GTX 1070 Ti,2017-12-12T23:00:00.000Z,-2.819901892081282
GeForce GTX 1070 Ti,2017-12-11T23:00:00.000Z,-3.845830413454792
GeForce GTX 1070 Ti,2017-12-10T23:00:00.000Z,-4.349684653118418
GeForce GTX 1070 Ti,2017-12-09T23:00:00.000Z,-4.021723896285914
GeForce GTX 1070 Ti,2017-12-08T23:00:00.000Z,-4.779257182901171
GeForce GTX 1070 Ti,2017-12-07T23:00:00.000Z,-5.334968465311843
GeForce GTX 1070 Ti,2017-12-06T23:00:00.000Z,-5.459705676243851
GeForce GTX 1070 Ti,2017-12-05T23:00:00.000Z,-5.162578836720382
GeForce GTX 1070 Ti,2017-12-04T23:00:00.000Z,-3.404344779257182
GeForce GTX 1070 Ti,2017-12-03T23:00:00.000Z,-4.7624386825508
GeForce GTX 1070 Ti,2017-12-02T23:00:00.000Z,-5.708479327259981
GeForce GTX 1070 Ti,2017-12-01T23:00:00.000Z,-5.708479327259981
GeForce GTX 1070 Ti,2017-11-30T23:00:00.000Z,-4.4008409250175085
GeForce GTX 1070 Ti,2017-11-29T23:00:00.000Z,-4.018920812894185
GeForce GTX 1070 Ti,2017-11-28T23:00:00.000Z,-4.195515066573216
GeForce GTX 1070 Ti,2017-11-27T23:00:00.000Z,-3.566222845129626
GeForce GTX 1070 Ti,2017-11-26T23:00:00.000Z,-3.558514365802373
GeForce GTX 1070 Ti,2017-11-25T23:00:00.000Z,-3.79677645409951
GeForce GTX 1070 Ti,2017-11-24T23:00:00.000Z,-3.79677645409951
GeForce GTX 1070 Ti,2017-11-23T23:00:00.000Z,-4.455501051156259
GeForce GTX 1070 Ti,2017-11-22T23:00:00.000Z,-4.456902592852123
GeForce GTX 1070 Ti,2017-11-21T23:00:00.000Z,-4.451296426068667
GeForce GTX 1070 Ti,2017-11-20T23:00:00.000Z,-4.096005606166763
GeForce GTX 1070 Ti,2017-11-19T23:00:00.000Z,-3.9418360196215723
GeForce GTX 1070 Ti,2017-11-18T23:00:00.000Z,-3.594954449894889
GeForce GTX 1070 Ti,2017-11-17T23:00:00.000Z,-3.594253679046957
GeForce GTX 1070 Ti,2017-11-16T23:00:00.000Z,-3.340574632095302
GeForce GTX 1070 Ti,2017-11-15T23:00:00.000Z,-1.7806587245970502
GeForce GTX 1070 Ti,2017-11-14T23:00:00.000Z,-1.378416257883661
GeForce GTX 1070 Ti,2017-11-13T23:00:00.000Z,-1.084092501751921
GeForce GTX 1070 Ti,2017-11-12T23:00:00.000Z,-0.718290119131036
GeForce GTX 1070 Ti,2017-11-11T23:00:00.000Z,-0.718290119131036
GeForce GTX 1070 Ti,2017-11-10T23:00:00.000Z,-0.718290119131036
GeForce GTX 1070 Ti,2017-11-09T23:00:00.000Z,-0.707778556412054
GeForce GTX 1070 Ti,2017-11-08T23:00:00.000Z,-0.707778556412054
GeForce GTX 1070 Ti,2017-11-07T23:00:00.000Z,-0.707778556412054
GeForce GTX 1070 Ti,2017-11-06T23:00:00.000Z,-0.707778556412054
GeForce GTX 1070 Ti,2017-11-05T23:00:00.000Z,-0.7042747021723941
GeForce GTX 1070 Ti,2017-11-04T23:00:00.000Z,-0.704975473020326
GeForce GTX 1070 Ti,2017-11-03T23:00:00.000Z,-0.704975473020326
GeForce GTX 1070 Ti,2017-11-02T23:00:00.000Z,-0.700770847932734
GeForce GTX 1070 Ti,2017-11-01T23:00:00.000Z,-0.700770847932734
GeForce GTX 1070 Ti,2017-10-31T23:00:00.000Z,-0.700770847932734
GeForce GTX 1070 Ti,2017-10-30T23:00:00.000Z,-0.700770847932734
GeForce GTX 1070 Ti,2017-10-29T23:00:00.000Z,-0.700770847932734
GeForce GTX 1070 Ti,2017-10-28T22:00:00.000Z,-0.700770847932734
GeForce GTX 1070 Ti,2017-10-27T22:00:00.000Z,-0.700770847932734
GeForce GTX 1070 Ti,2017-10-26T22:00:00.000Z,-0.700770847932734
GeForce GTX 1070 Ti,2017-10-25T22:00:00.000Z,0.0
Geforce GTX 1070,2018-02-09T23:00:00.000Z,40.55958710078001
Geforce GTX 1070,2018-02-08T23:00:00.000Z,39.147813263999396
Geforce GTX 1070,2018-02-07T23:00:00.000Z,39.147813263999396
Geforce GTX 1070,2018-02-06T23:00:00.000Z,33.2802980325197
Geforce GTX 1070,2018-02-05T23:00:00.000Z,39.997671620939876
Geforce GTX 1070,2018-02-04T23:00:00.000Z,36.214055648259546
Geforce GTX 1070,2018-02-03T23:00:00.000Z,34.16120144359504
Geforce GTX 1070,2018-02-02T23:00:00.000Z,34.15732081182819
Geforce GTX 1070,2018-02-01T23:00:00.000Z,35.160852186736015
Geforce GTX 1070,2018-01-31T23:00:00.000Z,29.922775427839664
Geforce GTX 1070,2018-01-30T23:00:00.000Z,24.726609492025304
Geforce GTX 1070,2018-01-29T23:00:00.000Z,18.01932554619893
Geforce GTX 1070,2018-01-28T23:00:00.000Z,20.710155613333878
Geforce GTX 1070,2018-01-27T23:00:00.000Z,10.775738290193651
Geforce GTX 1070,2018-01-26T23:00:00.000Z,10.775738290193651
Geforce GTX 1070,2018-01-25T23:00:00.000Z,19.375994411890275
Geforce GTX 1070,2018-01-24T23:00:00.000Z,14.889984089409754
Geforce GTX 1070,2018-01-23T23:00:00.000Z,18.148162520858396
Geforce GTX 1070,2018-01-22T23:00:00.000Z,17.76087547052661
Geforce GTX 1070,2018-01-21T23:00:00.000Z,13.083938065117001
Geforce GTX 1070,2018-01-20T23:00:00.000Z,11.463386239279773
Geforce GTX 1070,2018-01-19T23:00:00.000Z,11.097830726842336
Geforce GTX 1070,2018-01-18T23:00:00.000Z,10.695021149443132
Geforce GTX 1070,2018-01-17T23:00:00.000Z,8.823004385113906
Geforce GTX 1070,2018-01-16T23:00:00.000Z,7.8241297683262765
Geforce GTX 1070,2018-01-15T23:00:00.000Z,7.8241297683262765
Geforce GTX 1070,2018-01-14T23:00:00.000Z,4.729713997438783
Geforce GTX 1070,2018-01-13T23:00:00.000Z,4.345531452520502
Geforce GTX 1070,2018-01-12T23:00:00.000Z,3.359074857386811
Geforce GTX 1070,2018-01-11T23:00:00.000Z,4.345531452520502
Geforce GTX 1070,2018-01-10T23:00:00.000Z,3.359074857386811
Geforce GTX 1070,2018-01-09T23:00:00.000Z,3.371492879040726
Geforce GTX 1070,2018-01-08T23:00:00.000Z,5.575691722612453
Geforce GTX 1070,2018-01-07T23:00:00.000Z,1.5638946020412332
Geforce GTX 1070,2018-01-06T23:00:00.000Z,0.5937366603283041
Geforce GTX 1070,2018-01-05T23:00:00.000Z,0.5937366603283041
Geforce GTX 1070,2018-01-04T23:00:00.000Z,-1.6306414684310462
Geforce GTX 1070,2018-01-03T23:00:00.000Z,-3.851915091776919
Geforce GTX 1070,2018-01-02T23:00:00.000Z,-5.331988047654167
Geforce GTX 1070,2018-01-01T23:00:00.000Z,-5.192285304047475
Geforce GTX 1070,2017-12-31T23:00:00.000Z,-4.9586712716830075
Geforce GTX 1070,2017-12-30T23:00:00.000Z,-4.9586712716830075
Geforce GTX 1070,2017-12-29T23:00:00.000Z,-4.9586712716830075
Geforce GTX 1070,2017-12-28T23:00:00.000Z,-3.631495207419735
Geforce GTX 1070,2017-12-27T23:00:00.000Z,-1.225503511971733
Geforce GTX 1070,2017-12-26T23:00:00.000Z,-1.225503511971733
Geforce GTX 1070,2017-12-25T23:00:00.000Z,-2.603903915557427
Geforce GTX 1070,2017-12-24T23:00:00.000Z,-2.603903915557427
Geforce GTX 1070,2017-12-23T23:00:00.000Z,-2.603903915557427
Geforce GTX 1070,2017-12-22T23:00:00.000Z,-2.603903915557427
Geforce GTX 1070,2017-12-21T23:00:00.000Z,-1.271294966820607
Geforce GTX 1070,2017-12-20T23:00:00.000Z,-1.838643331134317
Geforce GTX 1070,2017-12-19T23:00:00.000Z,-2.460320540183914
Geforce GTX 1070,2017-12-18T23:00:00.000Z,-2.460320540183914
Geforce GTX 1070,2017-12-17T23:00:00.000Z,-4.4992044704877685
Geforce GTX 1070,2017-12-16T23:00:00.000Z,-4.499980596841137
Geforce GTX 1070,2017-12-15T23:00:00.000Z,-4.499980596841137
Geforce GTX 1070,2017-12-14T23:00:00.000Z,-5.229539369009271
Geforce GTX 1070,2017-12-13T23:00:00.000Z,-2.500679110559188
Geforce GTX 1070,2017-12-12T23:00:00.000Z,-2.696262951608518
Geforce GTX 1070,2017-12-11T23:00:00.000Z,-2.985758081415652
Geforce GTX 1070,2017-12-10T23:00:00.000Z,-5.055687065854316
Geforce GTX 1070,2017-12-09T23:00:00.000Z,-3.529046528774891
Geforce GTX 1070,2017-12-08T23:00:00.000Z,-2.881757150064017
Geforce GTX 1070,2017-12-07T23:00:00.000Z,-4.723504986611799
Geforce GTX 1070,2017-12-06T23:00:00.000Z,-2.699367457021997
Geforce GTX 1070,2017-12-05T23:00:00.000Z,-2.808801272847219
Geforce GTX 1070,2017-12-04T23:00:00.000Z,-2.869339128410103
Geforce GTX 1070,2017-12-03T23:00:00.000Z,-3.949707012301584
Geforce GTX 1070,2017-12-02T23:00:00.000Z,-3.473941557685595
Geforce GTX 1070,2017-12-01T23:00:00.000Z,-5.557840816484912
Geforce GTX 1070,2017-11-30T23:00:00.000Z,-4.653653614808481
Geforce GTX 1070,2017-11-29T23:00:00.000Z,-5.019985253599287
Geforce GTX 1070,2017-11-28T23:00:00.000Z,-4.454965268345699
Geforce GTX 1070,2017-11-27T23:00:00.000Z,-4.123559315456552
Geforce GTX 1070,2017-11-26T23:00:00.000Z,-4.123559315456552
Geforce GTX 1070,2017-11-25T23:00:00.000Z,-4.967984787923469
Geforce GTX 1070,2017-11-24T23:00:00.000Z,-5.439093484419254
Geforce GTX 1070,2017-11-23T23:00:00.000Z,-3.568628972796769
Geforce GTX 1070,2017-11-22T23:00:00.000Z,-4.752997788039899
Geforce GTX 1070,2017-11-21T23:00:00.000Z,-3.813108774108411
Geforce GTX 1070,2017-11-20T23:00:00.000Z,-4.1709030230121265
Geforce GTX 1070,2017-11-19T23:00:00.000Z,-7.849741937987526
Geforce GTX 1070,2017-11-18T23:00:00.000Z,-5.296286235399138
Geforce GTX 1070,2017-11-17T23:00:00.000Z,-3.908572315572981
Geforce GTX 1070,2017-11-16T23:00:00.000Z,-3.904691683806133
Geforce GTX 1070,2017-11-15T23:00:00.000Z,-3.533703286895109
Geforce GTX 1070,2017-11-14T23:00:00.000Z,-3.398657301408662
Geforce GTX 1070,2017-11-13T23:00:00.000Z,-3.3924482905817053
Geforce GTX 1070,2017-11-12T23:00:00.000Z,-3.090535139120657
Geforce GTX 1070,2017-11-11T23:00:00.000Z,-3.61985331211919
Geforce GTX 1070,2017-11-10T23:00:00.000Z,-4.27568008071713
Geforce GTX 1070,2017-11-09T23:00:00.000Z,-4.815087896309494
Geforce GTX 1070,2017-11-08T23:00:00.000Z,-2.791726493073061
Geforce GTX 1070,2017-11-07T23:00:00.000Z,-2.545694439054679
Geforce GTX 1070,2017-11-06T23:00:00.000Z,-2.596142652023731
Geforce GTX 1070,2017-11-05T23:00:00.000Z,-1.327176064263233
Geforce GTX 1070,2017-11-04T23:00:00.000Z,-2.5852768830765562
Geforce GTX 1070,2017-11-03T23:00:00.000Z,-2.5759633668361213
Geforce GTX 1070,2017-11-02T23:00:00.000Z,-2.38037952578679
Geforce GTX 1070,2017-11-01T23:00:00.000Z,-2.371066009546355
Geforce GTX 1070,2017-10-31T23:00:00.000Z,-2.166944778609932
Geforce GTX 1070,2017-10-30T23:00:00.000Z,-4.922969459428004
Geforce GTX 1070,2017-10-29T23:00:00.000Z,-5.169001513446387
Geforce GTX 1070,2017-10-28T22:00:00.000Z,-4.780938336761231
Geforce GTX 1070,2017-10-27T22:00:00.000Z,-2.767666576118576
Geforce GTX 1070,2017-10-26T22:00:00.000Z,-4.829058170670175
Geforce GTX 1070,2017-10-25T22:00:00.000Z,-4.824401412549957
Geforce GTX 1070,2017-10-24T22:00:00.000Z,-5.273002444798022
Geforce GTX 1070,2017-10-23T22:00:00.000Z,-4.06767821801386
Geforce GTX 1070,2017-10-22T22:00:00.000Z,-4.981955062284149
Geforce GTX 1070,2017-10-21T22:00:00.000Z,-4.981955062284149
Geforce GTX 1070,2017-10-20T22:00:00.000Z,-4.977298304163905
Geforce GTX 1070,2017-10-19T22:00:00.000Z,-4.9726415460437146
Geforce GTX 1070,2017-10-18T22:00:00.000Z,-5.165120881679538
Geforce GTX 1070,2017-10-17T22:00:00.000Z,-5.151926733672255
Geforce GTX 1070,2017-10-16T22:00:00.000Z,-3.574837983623725
Geforce GTX 1070,2017-10-15T22:00:00.000Z,-3.841825449183141
Geforce GTX 1070,2017-10-14T22:00:00.000Z,-3.841825449183141
Geforce GTX 1070,2017-10-13T22:00:00.000Z,-3.8363925647095263
Geforce GTX 1070,2017-10-12T22:00:00.000Z,-3.827855174822461
Geforce GTX 1070,2017-10-11T22:00:00.000Z,-3.827855174822461
Geforce GTX 1070,2017-10-10T22:00:00.000Z,-3.8270790484690913
Geforce GTX 1070,2017-10-09T22:00:00.000Z,-4.245411152935689
Geforce GTX 1070,2017-10-08T22:00:00.000Z,-4.245411152935689
Geforce GTX 1070,2017-10-07T22:00:00.000Z,-4.245411152935689
Geforce GTX 1070,2017-10-06T22:00:00.000Z,-4.245411152935689
Geforce GTX 1070,2017-10-05T22:00:00.000Z,-2.682292677247838
Geforce GTX 1070,2017-10-04T22:00:00.000Z,-1.8968528076370652
Geforce GTX 1070,2017-10-03T22:00:00.000Z,-5.361480849082212
Geforce GTX 1070,2017-10-02T22:00:00.000Z,-6.063875198882356
Geforce GTX 1070,2017-10-01T22:00:00.000Z,-5.855873336179125
Geforce GTX 1070,2017-09-30T22:00:00.000Z,-6.558267685979269
Geforce GTX 1070,2017-09-29T22:00:00.000Z,-6.558267685979269
Geforce GTX 1070,2017-09-28T22:00:00.000Z,-4.98661182040434
Geforce GTX 1070,2017-09-27T22:00:00.000Z,-0.5673483643136841
Geforce GTX 1070,2017-09-26T22:00:00.000Z,-1.184368815243116
Geforce GTX 1070,2017-09-25T22:00:00.000Z,-4.171679149365495
Geforce GTX 1070,2017-09-24T22:00:00.000Z,-1.7330901470759432
Geforce GTX 1070,2017-09-23T22:00:00.000Z,-1.7944041289921961
Geforce GTX 1070,2017-09-22T22:00:00.000Z,-1.7944041289921961
Geforce GTX 1070,2017-09-21T22:00:00.000Z,-1.056307966937022
Geforce GTX 1070,2017-09-20T22:00:00.000Z,-2.007838876169027
Geforce GTX 1070,2017-09-19T22:00:00.000Z,-2.020256897822941
Geforce GTX 1070,2017-09-18T22:00:00.000Z,-0.781559237843911
Geforce GTX 1070,2017-09-17T22:00:00.000Z,-0.9119484652101141
Geforce GTX 1070,2017-09-16T22:00:00.000Z,-0.772245721603476
Geforce GTX 1070,2017-09-15T22:00:00.000Z,-1.890643796810108
Geforce GTX 1070,2017-09-14T22:00:00.000Z,-2.427723233342364
Geforce GTX 1070,2017-09-13T22:00:00.000Z,-2.357871861539045
Geforce GTX 1070,2017-09-12T22:00:00.000Z,0.41445147269973603
Geforce GTX 1070,2017-09-11T22:00:00.000Z,-0.749738057355757
Geforce GTX 1070,2017-09-10T22:00:00.000Z,-0.7675889634832581
Geforce GTX 1070,2017-09-09T22:00:00.000Z,-0.828126819046142
Geforce GTX 1070,2017-09-08T22:00:00.000Z,-2.225930381466103
Geforce GTX 1070,2017-09-07T22:00:00.000Z,-3.328029803251973
Geforce GTX 1070,2017-09-06T22:00:00.000Z,-1.650044627265313
Geforce GTX 1070,2017-09-05T22:00:00.000Z,0.06829911909661901
Geforce GTX 1070,2017-09-04T22:00:00.000Z,-1.301563894602035
Geforce GTX 1070,2017-09-03T22:00:00.000Z,-3.5212852652411692
Geforce GTX 1070,2017-09-02T22:00:00.000Z,-2.514649384919868
Geforce GTX 1070,2017-09-01T22:00:00.000Z,-2.936862121153313
Geforce GTX 1070,2017-08-31T22:00:00.000Z,-4.090962008615001
Geforce GTX 1070,2017-08-30T22:00:00.000Z,-3.227909503667186
Geforce GTX 1070,2017-08-29T22:00:00.000Z,-0.7427529201754041
Geforce GTX 1070,2017-08-28T22:00:00.000Z,-0.7427529201754041
Geforce GTX 1070,2017-08-27T22:00:00.000Z,-2.263184446427872
Geforce GTX 1070,2017-08-26T22:00:00.000Z,-2.215840738872298
Geforce GTX 1070,2017-08-25T22:00:00.000Z,-4.164694012185195
Geforce GTX 1070,2017-08-24T22:00:00.000Z,-4.784818968528079
Geforce GTX 1070,2017-08-23T22:00:00.000Z,0.6340952307035771
Geforce GTX 1070,2017-08-22T22:00:00.000Z,-1.975241569327463
Geforce GTX 1070,2017-08-21T22:00:00.000Z,1.8937483022236141
Geforce GTX 1070,2017-08-20T22:00:00.000Z,-1.983002832861173
Geforce GTX 1070,2017-08-19T22:00:00.000Z,1.863479374442171
Geforce GTX 1070,2017-08-18T22:00:00.000Z,1.863479374442171
Geforce GTX 1070,2017-08-17T22:00:00.000Z,2.569754356009164
Geforce GTX 1070,2017-08-16T22:00:00.000Z,-1.284489114827903
Geforce GTX 1070,2017-08-15T22:00:00.000Z,0.42298886258682805
Geforce GTX 1070,2017-08-14T22:00:00.000Z,0.7986340176180691
Geforce GTX 1070,2017-08-13T22:00:00.000Z,0.998098490434248
Geforce GTX 1070,2017-08-12T22:00:00.000Z,0.998098490434248
Geforce GTX 1070,2017-08-11T22:00:00.000Z,1.18980169971673
Geforce GTX 1070,2017-08-10T22:00:00.000Z,0.33761496371611605
Geforce GTX 1070,2017-08-09T22:00:00.000Z,0.0
Radeon RX 580,2018-02-09T23:00:00.000Z,33.837842872444476
Radeon RX 580,2018-02-08T23:00:00.000Z,33.821077632375534
Radeon RX 580,2018-02-07T23:00:00.000Z,33.821077632375534
Radeon RX 580,2018-02-06T23:00:00.000Z,34.758068271783166
Radeon RX 580,2018-02-05T23:00:00.000Z,34.85772830997066
Radeon RX 580,2018-02-04T23:00:00.000Z,34.85772830997066
Radeon RX 580,2018-02-03T23:00:00.000Z,18.809667955106413
Radeon RX 580,2018-02-02T23:00:00.000Z,34.85772830997066
Radeon RX 580,2018-02-01T23:00:00.000Z,34.85772830997066
Radeon RX 580,2018-01-31T23:00:00.000Z,32.99492385786802
Radeon RX 580,2018-01-30T23:00:00.000Z,32.99492385786802
Radeon RX 580,2018-01-29T23:00:00.000Z,30.750244493084328
Radeon RX 580,2018-01-28T23:00:00.000Z,30.750244493084328
Radeon RX 580,2018-01-27T23:00:00.000Z,30.750244493084328
Radeon RX 580,2018-01-26T23:00:00.000Z,33.18027290085224
Radeon RX 580,2018-01-25T23:00:00.000Z,25.543706049457448
Radeon RX 580,2018-01-24T23:00:00.000Z,28.12462161784566
Radeon RX 580,2018-01-23T23:00:00.000Z,21.906580356727044
Radeon RX 580,2018-01-22T23:00:00.000Z,9.636287430726995
Radeon RX 580,2018-01-21T23:00:00.000Z,9.636287430726995
Radeon RX 580,2018-01-20T23:00:00.000Z,8.783122991663936
Radeon RX 580,2018-01-19T23:00:00.000Z,9.636287430726995
Radeon RX 580,2018-01-18T23:00:00.000Z,11.572672658687676
Radeon RX 580,2018-01-17T23:00:00.000Z,4.200624039491446
Radeon RX 580,2018-01-16T23:00:00.000Z,5.229823499278155
Radeon RX 580,2018-01-15T23:00:00.000Z,1.1363107157826091
Radeon RX 580,2018-01-14T23:00:00.000Z,0.38653192381127904
Radeon RX 580,2018-01-13T23:00:00.000Z,1.415731383598005
Radeon RX 580,2018-01-12T23:00:00.000Z,0.489917570903009
Radeon RX 580,2018-01-11T23:00:00.000Z,-3.144413915149256
Radeon RX 580,2018-01-10T23:00:00.000Z,-7.793042425371392
Radeon RX 580,2018-01-09T23:00:00.000Z,0.39584594607183204
Radeon RX 580,2018-01-08T23:00:00.000Z,-0.074512178084117
Radeon RX 580,2018-01-07T23:00:00.000Z,-4.46700507614212
Radeon RX 580,2018-01-06T23:00:00.000Z,-4.46700507614212
Radeon RX 580,2018-01-05T23:00:00.000Z,-9.963209612070965
Radeon RX 580,2018-01-04T23:00:00.000Z,-8.72817026032691
Radeon RX 580,2018-01-03T23:00:00.000Z,-12.454710566758251
Radeon RX 580,2018-01-02T23:00:00.000Z,-10.961672798397993
Radeon RX 580,2018-01-01T23:00:00.000Z,-10.688771946164936
Radeon RX 580,2017-12-31T23:00:00.000Z,-10.777255157639809
Radeon RX 580,2017-12-30T23:00:00.000Z,-10.777255157639809
Radeon RX 580,2017-12-29T23:00:00.000Z,-10.777255157639809
Radeon RX 580,2017-12-28T23:00:00.000Z,-10.777255157639809
Radeon RX 580,2017-12-27T23:00:00.000Z,-10.879709402505457
Radeon RX 580,2017-12-26T23:00:00.000Z,-10.96819261398033
Radeon RX 580,2017-12-25T23:00:00.000Z,-10.96819261398033
Radeon RX 580,2017-12-24T23:00:00.000Z,-11.383598006799222
Radeon RX 580,2017-12-23T23:00:00.000Z,-11.383598006799222
Radeon RX 580,2017-12-22T23:00:00.000Z,-11.388255017929476
Radeon RX 580,2017-12-21T23:00:00.000Z,-11.992735062636804
Radeon RX 580,2017-12-20T23:00:00.000Z,-12.644716620872723
Radeon RX 580,2017-12-19T23:00:00.000Z,-12.54691938713733
Radeon RX 580,2017-12-18T23:00:00.000Z,-14.829786243189119
Radeon RX 580,2017-12-17T23:00:00.000Z,-13.971964792995855
Radeon RX 580,2017-12-16T23:00:00.000Z,-13.510920691100441
Radeon RX 580,2017-12-15T23:00:00.000Z,-13.510920691100441
Radeon RX 580,2017-12-14T23:00:00.000Z,-13.510920691100441
Radeon RX 580,2017-12-13T23:00:00.000Z,-13.989661435290815
Radeon RX 580,2017-12-12T23:00:00.000Z,-13.506263679970191
Radeon RX 580,2017-12-11T23:00:00.000Z,-13.974758999674005
Radeon RX 580,2017-12-10T23:00:00.000Z,-13.695338331858611
Radeon RX 580,2017-12-09T23:00:00.000Z,-13.554696595724861
Radeon RX 580,2017-12-08T23:00:00.000Z,-13.554696595724861
Radeon RX 580,2017-12-07T23:00:00.000Z,-14.492618637358529
Radeon RX 580,2017-12-06T23:00:00.000Z,-13.933777301727737
Radeon RX 580,2017-12-05T23:00:00.000Z,-14.174079076048999
Radeon RX 580,2017-12-04T23:00:00.000Z,-14.491687235132494
Radeon RX 580,2017-12-03T23:00:00.000Z,-15.655008615470583
Radeon RX 580,2017-12-02T23:00:00.000Z,-15.655008615470583
Radeon RX 580,2017-12-01T23:00:00.000Z,-16.45135751874447
Radeon RX 580,2017-11-30T23:00:00.000Z,-15.606575699715927
Radeon RX 580,2017-11-29T23:00:00.000Z,-15.580496437386499
Radeon RX 580,2017-11-28T23:00:00.000Z,-13.382387183905381
Radeon RX 580,2017-11-27T23:00:00.000Z,-14.117263540259872
Radeon RX 580,2017-11-26T23:00:00.000Z,-14.404135425883672
Radeon RX 580,2017-11-25T23:00:00.000Z,-14.404135425883672
Radeon RX 580,2017-11-24T23:00:00.000Z,-14.493550039584596
Radeon RX 580,2017-11-23T23:00:00.000Z,-14.741303031714246
Radeon RX 580,2017-11-22T23:00:00.000Z,-14.277464723140696
Radeon RX 580,2017-11-21T23:00:00.000Z,-14.297955572113821
Radeon RX 580,2017-11-20T23:00:00.000Z,-14.09584128906068
Radeon RX 580,2017-11-19T23:00:00.000Z,-14.657476831369623
Radeon RX 580,2017-11-18T23:00:00.000Z,-14.657476831369623
Radeon RX 580,2017-11-17T23:00:00.000Z,-14.657476831369623
Radeon RX 580,2017-11-16T23:00:00.000Z,-13.47273319983234
Radeon RX 580,2017-11-15T23:00:00.000Z,-18.36352628882782
Radeon RX 580,2017-11-14T23:00:00.000Z,-13.39076980393982
Radeon RX 580,2017-11-13T23:00:00.000Z,-13.373073161644843
Radeon RX 580,2017-11-12T23:00:00.000Z,-13.840637079122612
Radeon RX 580,2017-11-11T23:00:00.000Z,-13.224980207702691
Radeon RX 580,2017-11-10T23:00:00.000Z,-13.349788105993568
Radeon RX 580,2017-11-09T23:00:00.000Z,-16.48023098775207
Radeon RX 580,2017-11-08T23:00:00.000Z,-13.211009174311918
Radeon RX 580,2017-11-07T23:00:00.000Z,-13.205420760955617
Radeon RX 580,2017-11-06T23:00:00.000Z,-13.098309504959715
Radeon RX 580,2017-11-05T23:00:00.000Z,-13.738182834256978
Radeon RX 580,2017-11-04T23:00:00.000Z,-13.076887253760555
Radeon RX 580,2017-11-03T23:00:00.000Z,-13.61989475154846
Radeon RX 580,2017-11-02T23:00:00.000Z,-11.816700041913105
Radeon RX 580,2017-11-01T23:00:00.000Z,-12.31593163507662
Radeon RX 580,2017-10-31T23:00:00.000Z,-13.028454338005869
Radeon RX 580,2017-10-30T23:00:00.000Z,-13.027522935779817
Radeon RX 580,2017-10-29T23:00:00.000Z,-11.984352442602335
Radeon RX 580,2017-10-28T22:00:00.000Z,-11.791552181809712
Radeon RX 580,2017-10-27T22:00:00.000Z,-11.911703068970333
Radeon RX 580,2017-10-26T22:00:00.000Z,-11.910771666744283
Radeon RX 580,2017-10-25T22:00:00.000Z,-11.903320448935863
Radeon RX 580,2017-10-24T22:00:00.000Z,-9.26372654030644
Radeon RX 580,2017-10-23T22:00:00.000Z,-10.058212639128225
Radeon RX 580,2017-10-22T22:00:00.000Z,-10.052624225771906
Radeon RX 580,2017-10-21T22:00:00.000Z,-9.953895589810461
Radeon RX 580,2017-10-20T22:00:00.000Z,-9.240441484655147
Radeon RX 580,2017-10-19T22:00:00.000Z,-9.78251758021703
Radeon RX 580,2017-10-18T22:00:00.000Z,-9.734084664462358
Radeon RX 580,2017-10-17T22:00:00.000Z,-7.657057700367897
Radeon RX 580,2017-10-16T22:00:00.000Z,-6.347506170539741
Radeon RX 580,2017-10-15T22:00:00.000Z,-6.982722488706751
Radeon RX 580,2017-10-14T22:00:00.000Z,-6.983653890932801
Radeon RX 580,2017-10-13T22:00:00.000Z,-9.211568015647567
Radeon RX 580,2017-10-12T22:00:00.000Z,-7.364597401387778
Radeon RX 580,2017-10-11T22:00:00.000Z,-6.690262189726647
Radeon RX 580,2017-10-10T22:00:00.000Z,-5.857588599636747
Radeon RX 580,2017-10-09T22:00:00.000Z,-6.133283658547941
Radeon RX 580,2017-10-08T22:00:00.000Z,-5.6070414008289475
Radeon RX 580,2017-10-07T22:00:00.000Z,-5.597727378568442
Radeon RX 580,2017-10-06T22:00:00.000Z,-5.049131467424205
Radeon RX 580,2017-10-05T22:00:00.000Z,-5.049131467424205
Radeon RX 580,2017-10-04T22:00:00.000Z,-2.328505565128311
Radeon RX 580,2017-10-03T22:00:00.000Z,-2.328505565128311
Radeon RX 580,2017-10-02T22:00:00.000Z,0.032599077911798
Radeon RX 580,2017-10-01T22:00:00.000Z,0.31201974572719404
Radeon RX 580,2017-09-30T22:00:00.000Z,-0.882969310296642
Radeon RX 580,2017-09-29T22:00:00.000Z,0.31201974572719404
Radeon RX 580,2017-09-28T22:00:00.000Z,0.442416057374371
Radeon RX 580,2017-09-27T22:00:00.000Z,0.442416057374371
Radeon RX 580,2017-09-26T22:00:00.000Z,1.043170493177483
Radeon RX 580,2017-09-25T22:00:00.000Z,-3.065244725934886
Radeon RX 580,2017-09-24T22:00:00.000Z,-0.9034601592697691
Radeon RX 580,2017-09-23T22:00:00.000Z,-0.8988031481395161
Radeon RX 580,2017-09-22T22:00:00.000Z,-0.8988031481395161
Radeon RX 580,2017-09-21T22:00:00.000Z,-0.8988031481395161
Radeon RX 580,2017-09-20T22:00:00.000Z,-5.930237973268746
Radeon RX 580,2017-09-19T22:00:00.000Z,-6.49839333116006
Radeon RX 580,2017-09-18T22:00:00.000Z,-4.2620965864108395
Radeon RX 580,2017-09-17T22:00:00.000Z,-6.423881153075958
Radeon RX 580,2017-09-16T22:00:00.000Z,-6.423881153075958
Radeon RX 580,2017-09-15T22:00:00.000Z,-6.265542774647235
Radeon RX 580,2017-09-14T22:00:00.000Z,-6.265542774647235
Radeon RX 580,2017-09-13T22:00:00.000Z,-6.256228752386731
Radeon RX 580,2017-09-12T22:00:00.000Z,-6.489079308899555
Radeon RX 580,2017-09-11T22:00:00.000Z,-6.638103665067758
Radeon RX 580,2017-09-10T22:00:00.000Z,-5.61262981418525
Radeon RX 580,2017-09-09T22:00:00.000Z,-5.61262981418525
Radeon RX 580,2017-09-08T22:00:00.000Z,-5.510175569319618
Radeon RX 580,2017-09-07T22:00:00.000Z,-5.510175569319618
Radeon RX 580,2017-09-06T22:00:00.000Z,-5.351837190890879
Radeon RX 580,2017-09-05T22:00:00.000Z,-6.5989847715736065
Radeon RX 580,2017-09-04T22:00:00.000Z,-6.516089973455035
Radeon RX 580,2017-09-03T22:00:00.000Z,-6.516089973455035
Radeon RX 580,2017-09-02T22:00:00.000Z,-6.637172262841708
Radeon RX 580,2017-09-01T22:00:00.000Z,-6.637172262841708
Radeon RX 580,2017-08-31T22:00:00.000Z,-2.259581800400497
Radeon RX 580,2017-08-30T22:00:00.000Z,-4.942020211428306
Radeon RX 580,2017-08-29T22:00:00.000Z,-1.555441717505703
Radeon RX 580,2017-08-28T22:00:00.000Z,-0.8112513388907081
Radeon RX 580,2017-08-27T22:00:00.000Z,-1.8404507986774181
Radeon RX 580,2017-08-26T22:00:00.000Z,-1.8404507986774181
Radeon RX 580,2017-08-25T22:00:00.000Z,-1.598286219904073
Radeon RX 580,2017-08-24T22:00:00.000Z,-4.8023098775206075
Radeon RX 580,2017-08-23T22:00:00.000Z,0.20956550086154702
Radeon RX 580,2017-08-22T22:00:00.000Z,3.935174405066838
Radeon RX 580,2017-08-21T22:00:00.000Z,3.6175662459833253
Radeon RX 580,2017-08-20T22:00:00.000Z,2.5930237973268673
Radeon RX 580,2017-08-19T22:00:00.000Z,2.5930237973268673
Radeon RX 580,2017-08-18T22:00:00.000Z,2.6777813998975413
Radeon RX 580,2017-08-17T22:00:00.000Z,7.415824523820602
Radeon RX 580,2017-08-16T22:00:00.000Z,8.458995016998085
Radeon RX 580,2017-08-15T22:00:00.000Z,8.694639780189076
Radeon RX 580,2017-08-14T22:00:00.000Z,8.242909700554216
Radeon RX 580,2017-08-13T22:00:00.000Z,1.708191682578124
Radeon RX 580,2017-08-12T22:00:00.000Z,1.708191682578124
Radeon RX 580,2017-08-11T22:00:00.000Z,1.736133749359654
Radeon RX 580,2017-08-10T22:00:00.000Z,-0.26079262329435404
Radeon RX 580,2017-08-09T22:00:00.000Z,0.0
Radeon RX 570,2018-02-09T23:00:00.000Z,32.50463910167961
Radeon RX 570,2018-02-08T23:00:00.000Z,32.010991102440876
Radeon RX 570,2018-02-07T23:00:00.000Z,32.010991102440876
Radeon RX 570,2018-02-06T23:00:00.000Z,31.54708093448165
Radeon RX 570,2018-02-05T23:00:00.000Z,31.914640529095518
Radeon RX 570,2018-02-04T23:00:00.000Z,33.008992720178924
Radeon RX 570,2018-02-03T23:00:00.000Z,33.008992720178924
Radeon RX 570,2018-02-02T23:00:00.000Z,33.008992720178924
Radeon RX 570,2018-02-01T23:00:00.000Z,18.224532521292307
Radeon RX 570,2018-01-31T23:00:00.000Z,34.28296141219017
Radeon RX 570,2018-01-30T23:00:00.000Z,30.596659846790704
Radeon RX 570,2018-01-29T23:00:00.000Z,34.1651996003236
Radeon RX 570,2018-01-28T23:00:00.000Z,31.786173097968334
Radeon RX 570,2018-01-27T23:00:00.000Z,31.786173097968334
Radeon RX 570,2018-01-26T23:00:00.000Z,24.417138506922974
Radeon RX 570,2018-01-25T23:00:00.000Z,24.417138506922974
Radeon RX 570,2018-01-24T23:00:00.000Z,29.41785221487368
Radeon RX 570,2018-01-23T23:00:00.000Z,17.546509968121075
Radeon RX 570,2018-01-22T23:00:00.000Z,19.604367892658328
Radeon RX 570,2018-01-21T23:00:00.000Z,12.119950516248764
Radeon RX 570,2018-01-20T23:00:00.000Z,12.119950516248764
Radeon RX 570,2018-01-19T23:00:00.000Z,8.669172574582488
Radeon RX 570,2018-01-18T23:00:00.000Z,5.585954227530107
Radeon RX 570,2018-01-17T23:00:00.000Z,1.03130798877103
Radeon RX 570,2018-01-16T23:00:00.000Z,3.367512014083858
Radeon RX 570,2018-01-15T23:00:00.000Z,3.367512014083858
Radeon RX 570,2018-01-14T23:00:00.000Z,-2.715658752438487
Radeon RX 570,2018-01-13T23:00:00.000Z,-3.203359185421313
Radeon RX 570,2018-01-12T23:00:00.000Z,-3.203359185421313
Radeon RX 570,2018-01-11T23:00:00.000Z,-7.949517057620015
Radeon RX 570,2018-01-10T23:00:00.000Z,-8.545463196460007
Radeon RX 570,2018-01-09T23:00:00.000Z,-4.505876195460817
Radeon RX 570,2018-01-08T23:00:00.000Z,-6.95746300613789
Radeon RX 570,2018-01-07T23:00:00.000Z,-12.611219488985101
Radeon RX 570,2018-01-06T23:00:00.000Z,-9.569634105723937
Radeon RX 570,2018-01-05T23:00:00.000Z,-9.876528524527767
Radeon RX 570,2018-01-04T23:00:00.000Z,-13.3974877480135
Radeon RX 570,2018-01-03T23:00:00.000Z,-13.167911690536227
Radeon RX 570,2018-01-02T23:00:00.000Z,-13.376076509492302
Radeon RX 570,2018-01-01T23:00:00.000Z,-13.392729695008795
Radeon RX 570,2017-12-31T23:00:00.000Z,-13.336822572203436
Radeon RX 570,2017-12-30T23:00:00.000Z,-13.309463767426355
Radeon RX 570,2017-12-29T23:00:00.000Z,-13.309463767426355
Radeon RX 570,2017-12-28T23:00:00.000Z,-13.311842793928708
Radeon RX 570,2017-12-27T23:00:00.000Z,-14.250368749107848
Radeon RX 570,2017-12-26T23:00:00.000Z,-14.250368749107848
Radeon RX 570,2017-12-25T23:00:00.000Z,-14.250368749107848
Radeon RX 570,2017-12-24T23:00:00.000Z,-14.250368749107848
Radeon RX 570,2017-12-23T23:00:00.000Z,-14.250368749107848
Radeon RX 570,2017-12-22T23:00:00.000Z,-14.250368749107848
Radeon RX 570,2017-12-21T23:00:00.000Z,-14.493029452348086
Radeon RX 570,2017-12-20T23:00:00.000Z,-14.493029452348086
Radeon RX 570,2017-12-19T23:00:00.000Z,-15.093733644192783
Radeon RX 570,2017-12-18T23:00:00.000Z,-15.975162963315388
Radeon RX 570,2017-12-17T23:00:00.000Z,-15.397059523243083
Radeon RX 570,2017-12-16T23:00:00.000Z,-15.882380929723535
Radeon RX 570,2017-12-15T23:00:00.000Z,-15.828852833420552
Radeon RX 570,2017-12-14T23:00:00.000Z,-15.564780891659117
Radeon RX 570,2017-12-13T23:00:00.000Z,-15.557643812152058
Radeon RX 570,2017-12-12T23:00:00.000Z,-15.504115715849053
Radeon RX 570,2017-12-11T23:00:00.000Z,-16.025122519864862
Radeon RX 570,2017-12-10T23:00:00.000Z,-16.025122519864862
Radeon RX 570,2017-12-09T23:00:00.000Z,-16.14288433173144
Radeon RX 570,2017-12-08T23:00:00.000Z,-16.26064614359804
Radeon RX 570,2017-12-07T23:00:00.000Z,-16.26064614359804
Radeon RX 570,2017-12-06T23:00:00.000Z,-16.548508350383027
Radeon RX 570,2017-12-05T23:00:00.000Z,-19.20231241376027
Radeon RX 570,2017-12-04T23:00:00.000Z,-18.770519103582803
Radeon RX 570,2017-12-03T23:00:00.000Z,-20.41680544321263
Radeon RX 570,2017-12-02T23:00:00.000Z,-20.228862349526555
Radeon RX 570,2017-12-01T23:00:00.000Z,-20.20745111100536
Radeon RX 570,2017-11-30T23:00:00.000Z,-21.986962934767078
Radeon RX 570,2017-11-29T23:00:00.000Z,-21.515915687300748
Radeon RX 570,2017-11-28T23:00:00.000Z,-21.753818337536277
Radeon RX 570,2017-11-27T23:00:00.000Z,-17.538183375362777
Radeon RX 570,2017-11-26T23:00:00.000Z,-17.538183375362777
Radeon RX 570,2017-11-25T23:00:00.000Z,-16.259456630346865
Radeon RX 570,2017-11-24T23:00:00.000Z,-16.051291811390776
Radeon RX 570,2017-11-23T23:00:00.000Z,-15.906171194747106
Radeon RX 570,2017-11-22T23:00:00.000Z,-15.714659561307503
Radeon RX 570,2017-11-21T23:00:00.000Z,-21.470714183755994
Radeon RX 570,2017-11-20T23:00:00.000Z,-15.023552362373326
Radeon RX 570,2017-11-19T23:00:00.000Z,-15.029499928629209
Radeon RX 570,2017-11-18T23:00:00.000Z,-14.993814531093875
Radeon RX 570,2017-11-17T23:00:00.000Z,-14.843935861445487
Radeon RX 570,2017-11-16T23:00:00.000Z,-14.837988295189605
Radeon RX 570,2017-11-15T23:00:00.000Z,-15.48508350383023
Radeon RX 570,2017-11-14T23:00:00.000Z,-14.393110339249155
Radeon RX 570,2017-11-13T23:00:00.000Z,-14.39429985250033
Radeon RX 570,2017-11-12T23:00:00.000Z,-14.387162772993292
Radeon RX 570,2017-11-11T23:00:00.000Z,-14.173050387781291
Radeon RX 570,2017-11-10T23:00:00.000Z,-14.158776228767172
Radeon RX 570,2017-11-09T23:00:00.000Z,-14.592948565447013
Radeon RX 570,2017-11-08T23:00:00.000Z,-14.591759052195838
Radeon RX 570,2017-11-07T23:00:00.000Z,-14.5774848931817
Radeon RX 570,2017-11-06T23:00:00.000Z,-14.570347813674642
Radeon RX 570,2017-11-05T23:00:00.000Z,-14.233715563591357
Radeon RX 570,2017-11-04T23:00:00.000Z,-14.5287148498834
Radeon RX 570,2017-11-03T23:00:00.000Z,-14.447827948803335
Radeon RX 570,2017-11-02T23:00:00.000Z,-13.288052528905158
Radeon RX 570,2017-11-01T23:00:00.000Z,-12.00694675738687
Radeon RX 570,2017-10-31T23:00:00.000Z,-10.453442451348895
Radeon RX 570,2017-10-30T23:00:00.000Z,-9.256792120664205
Radeon RX 570,2017-10-29T23:00:00.000Z,-9.242517961650085
Radeon RX 570,2017-10-28T22:00:00.000Z,-9.235380882143005
Radeon RX 570,2017-10-27T22:00:00.000Z,-10.467716610363034
Radeon RX 570,2017-10-26T22:00:00.000Z,-8.938002569348608
Radeon RX 570,2017-10-25T22:00:00.000Z,-7.58552600275967
Radeon RX 570,2017-10-24T22:00:00.000Z,-8.746490935909005
Radeon RX 570,2017-10-23T22:00:00.000Z,-10.13108436027977
Radeon RX 570,2017-10-22T22:00:00.000Z,-10.123947280772711
Radeon RX 570,2017-10-21T22:00:00.000Z,-9.936004187086615
Radeon RX 570,2017-10-20T22:00:00.000Z,-9.121187610029956
Radeon RX 570,2017-10-19T22:00:00.000Z,-7.496312508921347
Radeon RX 570,2017-10-18T22:00:00.000Z,-7.489175429414289
Radeon RX 570,2017-10-17T22:00:00.000Z,-7.201313222629283
Radeon RX 570,2017-10-16T22:00:00.000Z,-10.126326307275063
Radeon RX 570,2017-10-15T22:00:00.000Z,-10.92448969881523
Radeon RX 570,2017-10-14T22:00:00.000Z,-10.92448969881523
Radeon RX 570,2017-10-13T22:00:00.000Z,-10.92448969881523
Radeon RX 570,2017-10-12T22:00:00.000Z,-4.03244992149213
Radeon RX 570,2017-10-11T22:00:00.000Z,-9.118808583527604
Radeon RX 570,2017-10-10T22:00:00.000Z,-9.111671504020524
Radeon RX 570,2017-10-09T22:00:00.000Z,-8.166008469334326
Radeon RX 570,2017-10-08T22:00:00.000Z,-7.907884093828795
Radeon RX 570,2017-10-07T22:00:00.000Z,-7.907884093828795
Radeon RX 570,2017-10-06T22:00:00.000Z,-7.847218918018731
Radeon RX 570,2017-10-05T22:00:00.000Z,-8.362278155778638
Radeon RX 570,2017-10-04T22:00:00.000Z,-8.362278155778638
Radeon RX 570,2017-10-03T22:00:00.000Z,-6.523290669458048
Radeon RX 570,2017-10-02T22:00:00.000Z,-2.7073321596802513
Radeon RX 570,2017-10-01T22:00:00.000Z,-2.110196507589082
Radeon RX 570,2017-09-30T22:00:00.000Z,-3.99081695770089
Radeon RX 570,2017-09-29T22:00:00.000Z,-3.99081695770089
Radeon RX 570,2017-09-28T22:00:00.000Z,-3.99081695770089
Radeon RX 570,2017-09-27T22:00:00.000Z,-3.99081695770089
Radeon RX 570,2017-09-26T22:00:00.000Z,-3.663700813627059
Radeon RX 570,2017-09-25T22:00:00.000Z,-4.693819289146872
Radeon RX 570,2017-09-24T22:00:00.000Z,-4.670029024123301
Radeon RX 570,2017-09-23T22:00:00.000Z,0.6244944568682691
Radeon RX 570,2017-09-22T22:00:00.000Z,-0.796973878288989
Radeon RX 570,2017-09-21T22:00:00.000Z,-0.864776133606112
Radeon RX 570,2017-09-20T22:00:00.000Z,-11.016082219155903
Radeon RX 570,2017-09-19T22:00:00.000Z,-10.944711424085252
Radeon RX 570,2017-09-18T22:00:00.000Z,-6.7445401341770665
Radeon RX 570,2017-09-17T22:00:00.000Z,-12.06285388019221
Radeon RX 570,2017-09-16T22:00:00.000Z,-12.06285388019221
Radeon RX 570,2017-09-15T22:00:00.000Z,-12.06285388019221
Radeon RX 570,2017-09-14T22:00:00.000Z,-12.158014940286414
Radeon RX 570,2017-09-13T22:00:00.000Z,-11.920112290050882
Radeon RX 570,2017-09-12T22:00:00.000Z,-12.122329542751096
Radeon RX 570,2017-09-11T22:00:00.000Z,-12.468477898843773
Radeon RX 570,2017-09-10T22:00:00.000Z,-14.801113384403092
Radeon RX 570,2017-09-09T22:00:00.000Z,-14.801113384403092
Radeon RX 570,2017-09-08T22:00:00.000Z,-15.395870009991908
Radeon RX 570,2017-09-07T22:00:00.000Z,-12.027168482656874
Radeon RX 570,2017-09-06T22:00:00.000Z,-12.027168482656874
Radeon RX 570,2017-09-05T22:00:00.000Z,-14.644097635247627
Radeon RX 570,2017-09-04T22:00:00.000Z,-12.35904267973545
Radeon RX 570,2017-09-03T22:00:00.000Z,-18.024694295094427
Radeon RX 570,2017-09-02T22:00:00.000Z,-18.024694295094427
Radeon RX 570,2017-09-01T22:00:00.000Z,-14.47994480658512
Radeon RX 570,2017-08-31T22:00:00.000Z,-6.779036018461228
Radeon RX 570,2017-08-30T22:00:00.000Z,-1.003949183993909
Radeon RX 570,2017-08-29T22:00:00.000Z,-2.92501308464576
Radeon RX 570,2017-08-28T22:00:00.000Z,-1.411952229147806
Radeon RX 570,2017-08-27T22:00:00.000Z,1.038445068278069
Radeon RX 570,2017-08-26T22:00:00.000Z,1.032497502022187
Radeon RX 570,2017-08-25T22:00:00.000Z,1.032497502022187
Radeon RX 570,2017-08-24T22:00:00.000Z,1.03130798877101
Radeon RX 570,2017-08-23T22:00:00.000Z,-4.683113669886263
Radeon RX 570,2017-08-22T22:00:00.000Z,-3.605414664319348
Radeon RX 570,2017-08-21T22:00:00.000Z,-3.146262549364779
Radeon RX 570,2017-08-20T22:00:00.000Z,-0.884997858876134
Radeon RX 570,2017-08-19T22:00:00.000Z,2.149450444877969
Radeon RX 570,2017-08-18T22:00:00.000Z,0.852881001094367
Radeon RX 570,2017-08-17T22:00:00.000Z,0.170100394918406
Radeon RX 570,2017-08-16T22:00:00.000Z,-1.126469048865194
Radeon RX 570,2017-08-15T22:00:00.000Z,-0.951610600942081
Radeon RX 570,2017-08-14T22:00:00.000Z,-0.45201503544748906
Radeon RX 570,2017-08-13T22:00:00.000Z,-0.45201503544748906
Radeon RX 570,2017-08-12T22:00:00.000Z,-0.28548318028263203
Radeon RX 570,2017-08-11T22:00:00.000Z,-0.7363087024789451
Radeon RX 570,2017-08-10T22:00:00.000Z,-0.7244135699671591
Radeon RX 570,2017-08-09T22:00:00.000Z,0.0
